dataset,source_family,base_model,calibration_method,budget,median,budget_fraction_of_target_pool,observed_positive_count,observed_negative_count,task_label,method_label,model_label,source_file
acsincome_region,acs,logistic_regression,intercept_only_mle,25,-0.0060055602187294,0.000739404335867,10.0,15.0,ACS Income,Intercept MLE,Logistic regression,results/stage2de/h3_common5_budget_curve.parquet
acsincome_region,acs,logistic_regression,sigmoid,25,-0.0399947615107002,0.000739404335867,10.0,15.0,ACS Income,Sigmoid,Logistic regression,results/stage2de/h3_common5_budget_curve.parquet
acsincome_region,acs,logistic_regression,isotonic,25,-0.5483178362763976,0.000739404335867,10.0,15.0,ACS Income,Isotonic,Logistic regression,results/stage2de/h3_common5_budget_curve.parquet
acsincome_region,acs,logistic_regression,jeffreys_smoothed_intercept_matching,25,-0.0048781669063608,0.000739404335867,10.0,15.0,ACS Income,Jeffreys intercept,Logistic regression,results/stage2de/h3_common5_budget_curve.parquet
acsincome_region,acs,logistic_regression,intercept_only_mle,50,-0.0018622344643158,0.001478808671734,20.0,30.0,ACS Income,Intercept MLE,Logistic regression,results/stage2de/h3_common5_budget_curve.parquet
acsincome_region,acs,logistic_regression,sigmoid,50,-0.0149327218910021,0.001478808671734,20.0,30.0,ACS Income,Sigmoid,Logistic regression,results/stage2de/h3_common5_budget_curve.parquet
acsincome_region,acs,logistic_regression,isotonic,50,-0.3168573653884657,0.001478808671734,20.0,30.0,ACS Income,Isotonic,Logistic regression,results/stage2de/h3_common5_budget_curve.parquet
acsincome_region,acs,logistic_regression,jeffreys_smoothed_intercept_matching,50,-0.0016386823125484,0.001478808671734,20.0,30.0,ACS Income,Jeffreys intercept,Logistic regression,results/stage2de/h3_common5_budget_curve.parquet
acsincome_region,acs,logistic_regression,intercept_only_mle,100,0.0008708335322989,0.0029576173434681,41.0,59.0,ACS Income,Intercept MLE,Logistic regression,results/stage2de/h3_common5_budget_curve.parquet
acsincome_region,acs,logistic_regression,sigmoid,100,-0.0047958285146351,0.0029576173434681,41.0,59.0,ACS Income,Sigmoid,Logistic regression,results/stage2de/h3_common5_budget_curve.parquet
acsincome_region,acs,logistic_regression,isotonic,100,-0.1733042144533907,0.0029576173434681,41.0,59.0,ACS Income,Isotonic,Logistic regression,results/stage2de/h3_common5_budget_curve.parquet
acsincome_region,acs,logistic_regression,jeffreys_smoothed_intercept_matching,100,0.0008256829079796,0.0029576173434681,41.0,59.0,ACS Income,Jeffreys intercept,Logistic regression,results/stage2de/h3_common5_budget_curve.parquet
acsincome_region,acs,logistic_regression,intercept_only_mle,250,0.0019996912385895,0.0073940433586702,100.5,149.5,ACS Income,Intercept MLE,Logistic regression,results/stage2de/h3_common5_budget_curve.parquet
acsincome_region,acs,logistic_regression,sigmoid,250,0.0002752819064925,0.0073940433586702,100.5,149.5,ACS Income,Sigmoid,Logistic regression,results/stage2de/h3_common5_budget_curve.parquet
acsincome_region,acs,logistic_regression,isotonic,250,-0.0701472581703138,0.0073940433586702,100.5,149.5,ACS Income,Isotonic,Logistic regression,results/stage2de/h3_common5_budget_curve.parquet
acsincome_region,acs,logistic_regression,jeffreys_smoothed_intercept_matching,250,0.0020117862104899,0.0073940433586702,100.5,149.5,ACS Income,Jeffreys intercept,Logistic regression,results/stage2de/h3_common5_budget_curve.parquet
acsincome_region,acs,logistic_regression,intercept_only_mle,500,0.0029104317837983,0.0147880867173405,202.0,298.0,ACS Income,Intercept MLE,Logistic regression,results/stage2de/h3_common5_budget_curve.parquet
acsincome_region,acs,logistic_regression,sigmoid,500,0.0019064416872085,0.0147880867173405,202.0,298.0,ACS Income,Sigmoid,Logistic regression,results/stage2de/h3_common5_budget_curve.parquet
acsincome_region,acs,logistic_regression,isotonic,500,-0.0342169391497066,0.0147880867173405,202.0,298.0,ACS Income,Isotonic,Logistic regression,results/stage2de/h3_common5_budget_curve.parquet
acsincome_region,acs,logistic_regression,jeffreys_smoothed_intercept_matching,500,0.0029116366218187,0.0147880867173405,202.0,298.0,ACS Income,Jeffreys intercept,Logistic regression,results/stage2de/h3_common5_budget_curve.parquet
acsincome_region,acs,xgboost_cpu,intercept_only_mle,25,0.0012914478991682,0.000739404335867,10.0,15.0,ACS Income,Intercept MLE,CPU XGBoost,results/stage2de/h3_common5_budget_curve.parquet
acsincome_region,acs,xgboost_cpu,sigmoid,25,-0.0319657457335916,0.000739404335867,10.0,15.0,ACS Income,Sigmoid,CPU XGBoost,results/stage2de/h3_common5_budget_curve.parquet
acsincome_region,acs,xgboost_cpu,isotonic,25,-0.4756802318211596,0.000739404335867,10.0,15.0,ACS Income,Isotonic,CPU XGBoost,results/stage2de/h3_common5_budget_curve.parquet
acsincome_region,acs,xgboost_cpu,jeffreys_smoothed_intercept_matching,25,0.0020923100173527,0.000739404335867,10.0,15.0,ACS Income,Jeffreys intercept,CPU XGBoost,results/stage2de/h3_common5_budget_curve.parquet
acsincome_region,acs,xgboost_cpu,intercept_only_mle,50,0.0051598805042207,0.001478808671734,20.0,30.0,ACS Income,Intercept MLE,CPU XGBoost,results/stage2de/h3_common5_budget_curve.parquet
acsincome_region,acs,xgboost_cpu,sigmoid,50,-0.0072929213893201,0.001478808671734,20.0,30.0,ACS Income,Sigmoid,CPU XGBoost,results/stage2de/h3_common5_budget_curve.parquet
acsincome_region,acs,xgboost_cpu,isotonic,50,-0.3087627452271217,0.001478808671734,20.0,30.0,ACS Income,Isotonic,CPU XGBoost,results/stage2de/h3_common5_budget_curve.parquet
acsincome_region,acs,xgboost_cpu,jeffreys_smoothed_intercept_matching,50,0.0051153013667626,0.001478808671734,20.0,30.0,ACS Income,Jeffreys intercept,CPU XGBoost,results/stage2de/h3_common5_budget_curve.parquet
acsincome_region,acs,xgboost_cpu,intercept_only_mle,100,0.0070287785789696,0.0029576173434681,41.0,59.0,ACS Income,Intercept MLE,CPU XGBoost,results/stage2de/h3_common5_budget_curve.parquet
acsincome_region,acs,xgboost_cpu,sigmoid,100,0.0015561152559805,0.0029576173434681,41.0,59.0,ACS Income,Sigmoid,CPU XGBoost,results/stage2de/h3_common5_budget_curve.parquet
acsincome_region,acs,xgboost_cpu,isotonic,100,-0.1584600417667372,0.0029576173434681,41.0,59.0,ACS Income,Isotonic,CPU XGBoost,results/stage2de/h3_common5_budget_curve.parquet
acsincome_region,acs,xgboost_cpu,jeffreys_smoothed_intercept_matching,100,0.0071477930423845,0.0029576173434681,41.0,59.0,ACS Income,Jeffreys intercept,CPU XGBoost,results/stage2de/h3_common5_budget_curve.parquet
acsincome_region,acs,xgboost_cpu,intercept_only_mle,250,0.0083453808973607,0.0073940433586702,100.5,149.5,ACS Income,Intercept MLE,CPU XGBoost,results/stage2de/h3_common5_budget_curve.parquet
acsincome_region,acs,xgboost_cpu,sigmoid,250,0.0063712045624421,0.0073940433586702,100.5,149.5,ACS Income,Sigmoid,CPU XGBoost,results/stage2de/h3_common5_budget_curve.parquet
acsincome_region,acs,xgboost_cpu,isotonic,250,-0.0663075685686591,0.0073940433586702,100.5,149.5,ACS Income,Isotonic,CPU XGBoost,results/stage2de/h3_common5_budget_curve.parquet
acsincome_region,acs,xgboost_cpu,jeffreys_smoothed_intercept_matching,250,0.008340161872718,0.0073940433586702,100.5,149.5,ACS Income,Jeffreys intercept,CPU XGBoost,results/stage2de/h3_common5_budget_curve.parquet
acsincome_region,acs,xgboost_cpu,intercept_only_mle,500,0.0084796709565655,0.0147880867173405,202.0,298.0,ACS Income,Intercept MLE,CPU XGBoost,results/stage2de/h3_common5_budget_curve.parquet
acsincome_region,acs,xgboost_cpu,sigmoid,500,0.007744937628552,0.0147880867173405,202.0,298.0,ACS Income,Sigmoid,CPU XGBoost,results/stage2de/h3_common5_budget_curve.parquet
acsincome_region,acs,xgboost_cpu,isotonic,500,-0.0303465087871272,0.0147880867173405,202.0,298.0,ACS Income,Isotonic,CPU XGBoost,results/stage2de/h3_common5_budget_curve.parquet
acsincome_region,acs,xgboost_cpu,jeffreys_smoothed_intercept_matching,500,0.0084747136343958,0.0147880867173405,202.0,298.0,ACS Income,Jeffreys intercept,CPU XGBoost,results/stage2de/h3_common5_budget_curve.parquet
acsfoodstamps_household,acs,logistic_regression,intercept_only_mle,25,-0.0119530476341682,0.002839295854628,7.0,18.0,ACS Food Stamps,Intercept MLE,Logistic regression,results/stage2de/h3_common5_budget_curve.parquet
acsfoodstamps_household,acs,logistic_regression,sigmoid,25,-0.03611244548963,0.002839295854628,7.0,18.0,ACS Food Stamps,Sigmoid,Logistic regression,results/stage2de/h3_common5_budget_curve.parquet
acsfoodstamps_household,acs,logistic_regression,isotonic,25,-0.5634116386617029,0.002839295854628,7.0,18.0,ACS Food Stamps,Isotonic,Logistic regression,results/stage2de/h3_common5_budget_curve.parquet
acsfoodstamps_household,acs,logistic_regression,jeffreys_smoothed_intercept_matching,25,-0.0116427956547618,0.002839295854628,7.0,18.0,ACS Food Stamps,Jeffreys intercept,Logistic regression,results/stage2de/h3_common5_budget_curve.parquet
acsfoodstamps_household,acs,logistic_regression,intercept_only_mle,50,-0.0050493921051516,0.0056785917092561,13.0,37.0,ACS Food Stamps,Intercept MLE,Logistic regression,results/stage2de/h3_common5_budget_curve.parquet
acsfoodstamps_household,acs,logistic_regression,sigmoid,50,-0.0138477825570496,0.0056785917092561,13.0,37.0,ACS Food Stamps,Sigmoid,Logistic regression,results/stage2de/h3_common5_budget_curve.parquet
acsfoodstamps_household,acs,logistic_regression,isotonic,50,-0.3456335910874236,0.0056785917092561,13.0,37.0,ACS Food Stamps,Isotonic,Logistic regression,results/stage2de/h3_common5_budget_curve.parquet
acsfoodstamps_household,acs,logistic_regression,jeffreys_smoothed_intercept_matching,50,-0.0050066928747192,0.0056785917092561,13.0,37.0,ACS Food Stamps,Jeffreys intercept,Logistic regression,results/stage2de/h3_common5_budget_curve.parquet
acsfoodstamps_household,acs,logistic_regression,intercept_only_mle,100,-0.0025951867808616,0.0113571834185122,26.0,74.0,ACS Food Stamps,Intercept MLE,Logistic regression,results/stage2de/h3_common5_budget_curve.parquet
acsfoodstamps_household,acs,logistic_regression,sigmoid,100,-0.0052326281803241,0.0113571834185122,26.0,74.0,ACS Food Stamps,Sigmoid,Logistic regression,results/stage2de/h3_common5_budget_curve.parquet
acsfoodstamps_household,acs,logistic_regression,isotonic,100,-0.171463517639771,0.0113571834185122,26.0,74.0,ACS Food Stamps,Isotonic,Logistic regression,results/stage2de/h3_common5_budget_curve.parquet
acsfoodstamps_household,acs,logistic_regression,jeffreys_smoothed_intercept_matching,100,-0.0025742514976361,0.0113571834185122,26.0,74.0,ACS Food Stamps,Jeffreys intercept,Logistic regression,results/stage2de/h3_common5_budget_curve.parquet
acsfoodstamps_household,acs,logistic_regression,intercept_only_mle,250,-0.0009593826999414,0.0283929585462805,66.5,183.5,ACS Food Stamps,Intercept MLE,Logistic regression,results/stage2de/h3_common5_budget_curve.parquet
acsfoodstamps_household,acs,logistic_regression,sigmoid,250,-0.0012344666949851,0.0283929585462805,66.5,183.5,ACS Food Stamps,Sigmoid,Logistic regression,results/stage2de/h3_common5_budget_curve.parquet
acsfoodstamps_household,acs,logistic_regression,isotonic,250,-0.0701611879387588,0.0283929585462805,66.5,183.5,ACS Food Stamps,Isotonic,Logistic regression,results/stage2de/h3_common5_budget_curve.parquet
acsfoodstamps_household,acs,logistic_regression,jeffreys_smoothed_intercept_matching,250,-0.0009501213108618,0.0283929585462805,66.5,183.5,ACS Food Stamps,Jeffreys intercept,Logistic regression,results/stage2de/h3_common5_budget_curve.parquet
acsfoodstamps_household,acs,logistic_regression,intercept_only_mle,500,-0.0006051241763188,0.056785917092561,133.5,366.5,ACS Food Stamps,Intercept MLE,Logistic regression,results/stage2de/h3_common5_budget_curve.parquet
acsfoodstamps_household,acs,logistic_regression,sigmoid,500,-0.0004109338986937,0.056785917092561,133.5,366.5,ACS Food Stamps,Sigmoid,Logistic regression,results/stage2de/h3_common5_budget_curve.parquet
acsfoodstamps_household,acs,logistic_regression,isotonic,500,-0.0329141953567057,0.056785917092561,133.5,366.5,ACS Food Stamps,Isotonic,Logistic regression,results/stage2de/h3_common5_budget_curve.parquet
acsfoodstamps_household,acs,logistic_regression,jeffreys_smoothed_intercept_matching,500,-0.000569762900501,0.056785917092561,133.5,366.5,ACS Food Stamps,Jeffreys intercept,Logistic regression,results/stage2de/h3_common5_budget_curve.parquet
acsfoodstamps_household,acs,xgboost_cpu,intercept_only_mle,25,-0.0100177362694038,0.002839295854628,7.0,18.0,ACS Food Stamps,Intercept MLE,CPU XGBoost,results/stage2de/h3_common5_budget_curve.parquet
acsfoodstamps_household,acs,xgboost_cpu,sigmoid,25,-0.035252839943017,0.002839295854628,7.0,18.0,ACS Food Stamps,Sigmoid,CPU XGBoost,results/stage2de/h3_common5_budget_curve.parquet
acsfoodstamps_household,acs,xgboost_cpu,isotonic,25,-0.544345767735557,0.002839295854628,7.0,18.0,ACS Food Stamps,Isotonic,CPU XGBoost,results/stage2de/h3_common5_budget_curve.parquet
acsfoodstamps_household,acs,xgboost_cpu,jeffreys_smoothed_intercept_matching,25,-0.0102709620738262,0.002839295854628,7.0,18.0,ACS Food Stamps,Jeffreys intercept,CPU XGBoost,results/stage2de/h3_common5_budget_curve.parquet
acsfoodstamps_household,acs,xgboost_cpu,intercept_only_mle,50,-0.004362227635247,0.0056785917092561,13.0,37.0,ACS Food Stamps,Intercept MLE,CPU XGBoost,results/stage2de/h3_common5_budget_curve.parquet
acsfoodstamps_household,acs,xgboost_cpu,sigmoid,50,-0.0129908985049786,0.0056785917092561,13.0,37.0,ACS Food Stamps,Sigmoid,CPU XGBoost,results/stage2de/h3_common5_budget_curve.parquet
acsfoodstamps_household,acs,xgboost_cpu,isotonic,50,-0.3386314474251299,0.0056785917092561,13.0,37.0,ACS Food Stamps,Isotonic,CPU XGBoost,results/stage2de/h3_common5_budget_curve.parquet
acsfoodstamps_household,acs,xgboost_cpu,jeffreys_smoothed_intercept_matching,50,-0.0039907906565765,0.0056785917092561,13.0,37.0,ACS Food Stamps,Jeffreys intercept,CPU XGBoost,results/stage2de/h3_common5_budget_curve.parquet
acsfoodstamps_household,acs,xgboost_cpu,intercept_only_mle,100,-0.0017698422419961,0.0113571834185122,26.0,74.0,ACS Food Stamps,Intercept MLE,CPU XGBoost,results/stage2de/h3_common5_budget_curve.parquet
acsfoodstamps_household,acs,xgboost_cpu,sigmoid,100,-0.0046770806643886,0.0113571834185122,26.0,74.0,ACS Food Stamps,Sigmoid,CPU XGBoost,results/stage2de/h3_common5_budget_curve.parquet
acsfoodstamps_household,acs,xgboost_cpu,isotonic,100,-0.1533983616630946,0.0113571834185122,26.0,74.0,ACS Food Stamps,Isotonic,CPU XGBoost,results/stage2de/h3_common5_budget_curve.parquet
acsfoodstamps_household,acs,xgboost_cpu,jeffreys_smoothed_intercept_matching,100,-0.0014795072930579,0.0113571834185122,26.0,74.0,ACS Food Stamps,Jeffreys intercept,CPU XGBoost,results/stage2de/h3_common5_budget_curve.parquet
acsfoodstamps_household,acs,xgboost_cpu,intercept_only_mle,250,-0.0004099888529876,0.0283929585462805,66.5,183.5,ACS Food Stamps,Intercept MLE,CPU XGBoost,results/stage2de/h3_common5_budget_curve.parquet
acsfoodstamps_household,acs,xgboost_cpu,sigmoid,250,-0.0007482147756212,0.0283929585462805,66.5,183.5,ACS Food Stamps,Sigmoid,CPU XGBoost,results/stage2de/h3_common5_budget_curve.parquet
acsfoodstamps_household,acs,xgboost_cpu,isotonic,250,-0.0688536133403132,0.0283929585462805,66.5,183.5,ACS Food Stamps,Isotonic,CPU XGBoost,results/stage2de/h3_common5_budget_curve.parquet
acsfoodstamps_household,acs,xgboost_cpu,jeffreys_smoothed_intercept_matching,250,-0.0003779248921528,0.0283929585462805,66.5,183.5,ACS Food Stamps,Jeffreys intercept,CPU XGBoost,results/stage2de/h3_common5_budget_curve.parquet
acsfoodstamps_household,acs,xgboost_cpu,intercept_only_mle,500,-5.416119628176563e-05,0.056785917092561,133.5,366.5,ACS Food Stamps,Intercept MLE,CPU XGBoost,results/stage2de/h3_common5_budget_curve.parquet
acsfoodstamps_household,acs,xgboost_cpu,sigmoid,500,0.0002528590309625,0.056785917092561,133.5,366.5,ACS Food Stamps,Sigmoid,CPU XGBoost,results/stage2de/h3_common5_budget_curve.parquet
acsfoodstamps_household,acs,xgboost_cpu,isotonic,500,-0.032971924184683,0.056785917092561,133.5,366.5,ACS Food Stamps,Isotonic,CPU XGBoost,results/stage2de/h3_common5_budget_curve.parquet
acsfoodstamps_household,acs,xgboost_cpu,jeffreys_smoothed_intercept_matching,500,-4.8304190506526234e-05,0.056785917092561,133.5,366.5,ACS Food Stamps,Jeffreys intercept,CPU XGBoost,results/stage2de/h3_common5_budget_curve.parquet
brfss_diabetes,brfss,logistic_regression,intercept_only_mle,25,0.0030628337047516,0.0002178972048146,4.0,21.0,BRFSS Diabetes,Intercept MLE,Logistic regression,results/stage2de/h3_common5_budget_curve.parquet
brfss_diabetes,brfss,logistic_regression,sigmoid,25,-0.0203085908884033,0.0002178972048146,4.0,21.0,BRFSS Diabetes,Sigmoid,Logistic regression,results/stage2de/h3_common5_budget_curve.parquet
brfss_diabetes,brfss,logistic_regression,isotonic,25,-0.328057703398707,0.0002178972048146,4.0,21.0,BRFSS Diabetes,Isotonic,Logistic regression,results/stage2de/h3_common5_budget_curve.parquet
brfss_diabetes,brfss,logistic_regression,jeffreys_smoothed_intercept_matching,25,0.0035409943495405,0.0002178972048146,4.0,21.0,BRFSS Diabetes,Jeffreys intercept,Logistic regression,results/stage2de/h3_common5_budget_curve.parquet
brfss_diabetes,brfss,logistic_regression,intercept_only_mle,50,0.0074492594858937,0.0004357944096293,8.0,42.0,BRFSS Diabetes,Intercept MLE,Logistic regression,results/stage2de/h3_common5_budget_curve.parquet
brfss_diabetes,brfss,logistic_regression,sigmoid,50,-0.0021806404120185,0.0004357944096293,8.0,42.0,BRFSS Diabetes,Sigmoid,Logistic regression,results/stage2de/h3_common5_budget_curve.parquet
brfss_diabetes,brfss,logistic_regression,isotonic,50,-0.2395527124895495,0.0004357944096293,8.0,42.0,BRFSS Diabetes,Isotonic,Logistic regression,results/stage2de/h3_common5_budget_curve.parquet
brfss_diabetes,brfss,logistic_regression,jeffreys_smoothed_intercept_matching,50,0.0087263661385822,0.0004357944096293,8.0,42.0,BRFSS Diabetes,Jeffreys intercept,Logistic regression,results/stage2de/h3_common5_budget_curve.parquet
brfss_diabetes,brfss,logistic_regression,intercept_only_mle,100,0.0107185365784303,0.0008715888192586,17.0,83.0,BRFSS Diabetes,Intercept MLE,Logistic regression,results/stage2de/h3_common5_budget_curve.parquet
brfss_diabetes,brfss,logistic_regression,sigmoid,100,0.0063213081478585,0.0008715888192586,17.0,83.0,BRFSS Diabetes,Sigmoid,Logistic regression,results/stage2de/h3_common5_budget_curve.parquet
brfss_diabetes,brfss,logistic_regression,isotonic,100,-0.1269091414401173,0.0008715888192586,17.0,83.0,BRFSS Diabetes,Isotonic,Logistic regression,results/stage2de/h3_common5_budget_curve.parquet
brfss_diabetes,brfss,logistic_regression,jeffreys_smoothed_intercept_matching,100,0.0110560876962017,0.0008715888192586,17.0,83.0,BRFSS Diabetes,Jeffreys intercept,Logistic regression,results/stage2de/h3_common5_budget_curve.parquet
brfss_diabetes,brfss,logistic_regression,intercept_only_mle,250,0.01229642963333,0.0021789720481465,43.0,207.0,BRFSS Diabetes,Intercept MLE,Logistic regression,results/stage2de/h3_common5_budget_curve.parquet
brfss_diabetes,brfss,logistic_regression,sigmoid,250,0.0112180759067271,0.0021789720481465,43.0,207.0,BRFSS Diabetes,Sigmoid,Logistic regression,results/stage2de/h3_common5_budget_curve.parquet
brfss_diabetes,brfss,logistic_regression,isotonic,250,-0.0398137291983282,0.0021789720481465,43.0,207.0,BRFSS Diabetes,Isotonic,Logistic regression,results/stage2de/h3_common5_budget_curve.parquet
brfss_diabetes,brfss,logistic_regression,jeffreys_smoothed_intercept_matching,250,0.0122396662297835,0.0021789720481465,43.0,207.0,BRFSS Diabetes,Jeffreys intercept,Logistic regression,results/stage2de/h3_common5_budget_curve.parquet
brfss_diabetes,brfss,logistic_regression,intercept_only_mle,500,0.0125342128814665,0.0043579440962931,86.0,414.0,BRFSS Diabetes,Intercept MLE,Logistic regression,results/stage2de/h3_common5_budget_curve.parquet
brfss_diabetes,brfss,logistic_regression,sigmoid,500,0.012492168349243,0.0043579440962931,86.0,414.0,BRFSS Diabetes,Sigmoid,Logistic regression,results/stage2de/h3_common5_budget_curve.parquet
brfss_diabetes,brfss,logistic_regression,isotonic,500,-0.0146045094606786,0.0043579440962931,86.0,414.0,BRFSS Diabetes,Isotonic,Logistic regression,results/stage2de/h3_common5_budget_curve.parquet
brfss_diabetes,brfss,logistic_regression,jeffreys_smoothed_intercept_matching,500,0.0125286649946306,0.0043579440962931,86.0,414.0,BRFSS Diabetes,Jeffreys intercept,Logistic regression,results/stage2de/h3_common5_budget_curve.parquet
brfss_diabetes,brfss,xgboost_cpu,intercept_only_mle,25,0.0024681693976982,0.0002178972048146,4.0,21.0,BRFSS Diabetes,Intercept MLE,CPU XGBoost,results/stage2de/h3_common5_budget_curve.parquet
brfss_diabetes,brfss,xgboost_cpu,sigmoid,25,-0.0183337081350018,0.0002178972048146,4.0,21.0,BRFSS Diabetes,Sigmoid,CPU XGBoost,results/stage2de/h3_common5_budget_curve.parquet
brfss_diabetes,brfss,xgboost_cpu,isotonic,25,-0.296007376335093,0.0002178972048146,4.0,21.0,BRFSS Diabetes,Isotonic,CPU XGBoost,results/stage2de/h3_common5_budget_curve.parquet
brfss_diabetes,brfss,xgboost_cpu,jeffreys_smoothed_intercept_matching,25,0.0039786872781306,0.0002178972048146,4.0,21.0,BRFSS Diabetes,Jeffreys intercept,CPU XGBoost,results/stage2de/h3_common5_budget_curve.parquet
brfss_diabetes,brfss,xgboost_cpu,intercept_only_mle,50,0.0070689398204728,0.0004357944096293,8.0,42.0,BRFSS Diabetes,Intercept MLE,CPU XGBoost,results/stage2de/h3_common5_budget_curve.parquet
brfss_diabetes,brfss,xgboost_cpu,sigmoid,50,-0.0016344875649619,0.0004357944096293,8.0,42.0,BRFSS Diabetes,Sigmoid,CPU XGBoost,results/stage2de/h3_common5_budget_curve.parquet
brfss_diabetes,brfss,xgboost_cpu,isotonic,50,-0.225959825475786,0.0004357944096293,8.0,42.0,BRFSS Diabetes,Isotonic,CPU XGBoost,results/stage2de/h3_common5_budget_curve.parquet
brfss_diabetes,brfss,xgboost_cpu,jeffreys_smoothed_intercept_matching,50,0.0079513081307461,0.0004357944096293,8.0,42.0,BRFSS Diabetes,Jeffreys intercept,CPU XGBoost,results/stage2de/h3_common5_budget_curve.parquet
brfss_diabetes,brfss,xgboost_cpu,intercept_only_mle,100,0.0105239266631899,0.0008715888192586,17.0,83.0,BRFSS Diabetes,Intercept MLE,CPU XGBoost,results/stage2de/h3_common5_budget_curve.parquet
brfss_diabetes,brfss,xgboost_cpu,sigmoid,100,0.0066699426930733,0.0008715888192586,17.0,83.0,BRFSS Diabetes,Sigmoid,CPU XGBoost,results/stage2de/h3_common5_budget_curve.parquet
brfss_diabetes,brfss,xgboost_cpu,isotonic,100,-0.133356622768267,0.0008715888192586,17.0,83.0,BRFSS Diabetes,Isotonic,CPU XGBoost,results/stage2de/h3_common5_budget_curve.parquet
brfss_diabetes,brfss,xgboost_cpu,jeffreys_smoothed_intercept_matching,100,0.0105657133230376,0.0008715888192586,17.0,83.0,BRFSS Diabetes,Jeffreys intercept,CPU XGBoost,results/stage2de/h3_common5_budget_curve.parquet
brfss_diabetes,brfss,xgboost_cpu,intercept_only_mle,250,0.0116801033623314,0.0021789720481465,43.0,207.0,BRFSS Diabetes,Intercept MLE,CPU XGBoost,results/stage2de/h3_common5_budget_curve.parquet
brfss_diabetes,brfss,xgboost_cpu,sigmoid,250,0.0111218217335525,0.0021789720481465,43.0,207.0,BRFSS Diabetes,Sigmoid,CPU XGBoost,results/stage2de/h3_common5_budget_curve.parquet
brfss_diabetes,brfss,xgboost_cpu,isotonic,250,-0.0412449640102104,0.0021789720481465,43.0,207.0,BRFSS Diabetes,Isotonic,CPU XGBoost,results/stage2de/h3_common5_budget_curve.parquet
brfss_diabetes,brfss,xgboost_cpu,jeffreys_smoothed_intercept_matching,250,0.0117578949025267,0.0021789720481465,43.0,207.0,BRFSS Diabetes,Jeffreys intercept,CPU XGBoost,results/stage2de/h3_common5_budget_curve.parquet
brfss_diabetes,brfss,xgboost_cpu,intercept_only_mle,500,0.0120914620719128,0.0043579440962931,86.0,414.0,BRFSS Diabetes,Intercept MLE,CPU XGBoost,results/stage2de/h3_common5_budget_curve.parquet
brfss_diabetes,brfss,xgboost_cpu,sigmoid,500,0.0123816392396871,0.0043579440962931,86.0,414.0,BRFSS Diabetes,Sigmoid,CPU XGBoost,results/stage2de/h3_common5_budget_curve.parquet
brfss_diabetes,brfss,xgboost_cpu,isotonic,500,-0.0156812150393024,0.0043579440962931,86.0,414.0,BRFSS Diabetes,Isotonic,CPU XGBoost,results/stage2de/h3_common5_budget_curve.parquet
brfss_diabetes,brfss,xgboost_cpu,jeffreys_smoothed_intercept_matching,500,0.0120665286827769,0.0043579440962931,86.0,414.0,BRFSS Diabetes,Jeffreys intercept,CPU XGBoost,results/stage2de/h3_common5_budget_curve.parquet
nhanes_lead,nhanes,logistic_regression,intercept_only_mle,25,0.0161812663328107,0.0049241678156391,2.0,23.0,NHANES Lead,Intercept MLE,Logistic regression,results/stage2de/h3_common5_budget_curve.parquet
nhanes_lead,nhanes,logistic_regression,sigmoid,25,-0.008982286759437,0.0049241678156391,2.0,23.0,NHANES Lead,Sigmoid,Logistic regression,results/stage2de/h3_common5_budget_curve.parquet
nhanes_lead,nhanes,logistic_regression,isotonic,25,-0.2605029592394576,0.0049241678156391,2.0,23.0,NHANES Lead,Isotonic,Logistic regression,results/stage2de/h3_common5_budget_curve.parquet
nhanes_lead,nhanes,logistic_regression,jeffreys_smoothed_intercept_matching,25,0.0150460491734609,0.0049241678156391,2.0,23.0,NHANES Lead,Jeffreys intercept,Logistic regression,results/stage2de/h3_common5_budget_curve.parquet
nhanes_lead,nhanes,logistic_regression,intercept_only_mle,50,0.0178610216356904,0.0098483356312783,4.0,46.0,NHANES Lead,Intercept MLE,Logistic regression,results/stage2de/h3_common5_budget_curve.parquet
nhanes_lead,nhanes,logistic_regression,sigmoid,50,0.0059445757959246,0.0098483356312783,4.0,46.0,NHANES Lead,Sigmoid,Logistic regression,results/stage2de/h3_common5_budget_curve.parquet
nhanes_lead,nhanes,logistic_regression,isotonic,50,-0.1674100291332427,0.0098483356312783,4.0,46.0,NHANES Lead,Isotonic,Logistic regression,results/stage2de/h3_common5_budget_curve.parquet
nhanes_lead,nhanes,logistic_regression,jeffreys_smoothed_intercept_matching,50,0.01749330320582,0.0098483356312783,4.0,46.0,NHANES Lead,Jeffreys intercept,Logistic regression,results/stage2de/h3_common5_budget_curve.parquet
nhanes_lead,nhanes,logistic_regression,intercept_only_mle,100,0.0197645304983283,0.0196966712625566,8.0,92.0,NHANES Lead,Intercept MLE,Logistic regression,results/stage2de/h3_common5_budget_curve.parquet
nhanes_lead,nhanes,logistic_regression,sigmoid,100,0.0158668382681683,0.0196966712625566,8.0,92.0,NHANES Lead,Sigmoid,Logistic regression,results/stage2de/h3_common5_budget_curve.parquet
nhanes_lead,nhanes,logistic_regression,isotonic,100,-0.0887151251479644,0.0196966712625566,8.0,92.0,NHANES Lead,Isotonic,Logistic regression,results/stage2de/h3_common5_budget_curve.parquet
nhanes_lead,nhanes,logistic_regression,jeffreys_smoothed_intercept_matching,100,0.0192804951578619,0.0196966712625566,8.0,92.0,NHANES Lead,Jeffreys intercept,Logistic regression,results/stage2de/h3_common5_budget_curve.parquet
nhanes_lead,nhanes,logistic_regression,intercept_only_mle,250,0.0226813303959219,0.0492416781563915,21.0,229.0,NHANES Lead,Intercept MLE,Logistic regression,results/stage2de/h3_common5_budget_curve.parquet
nhanes_lead,nhanes,logistic_regression,sigmoid,250,0.0198387828370577,0.0492416781563915,21.0,229.0,NHANES Lead,Sigmoid,Logistic regression,results/stage2de/h3_common5_budget_curve.parquet
nhanes_lead,nhanes,logistic_regression,isotonic,250,-0.0041075107988414,0.0492416781563915,21.0,229.0,NHANES Lead,Isotonic,Logistic regression,results/stage2de/h3_common5_budget_curve.parquet
nhanes_lead,nhanes,logistic_regression,jeffreys_smoothed_intercept_matching,250,0.0219777119601035,0.0492416781563915,21.0,229.0,NHANES Lead,Jeffreys intercept,Logistic regression,results/stage2de/h3_common5_budget_curve.parquet
nhanes_lead,nhanes,logistic_regression,intercept_only_mle,500,0.0243218633266548,0.0984833563127831,40.0,460.0,NHANES Lead,Intercept MLE,Logistic regression,results/stage2de/h3_common5_budget_curve.parquet
nhanes_lead,nhanes,logistic_regression,sigmoid,500,0.0222884075926426,0.0984833563127831,40.0,460.0,NHANES Lead,Sigmoid,Logistic regression,results/stage2de/h3_common5_budget_curve.parquet
nhanes_lead,nhanes,logistic_regression,isotonic,500,0.0169814271972621,0.0984833563127831,40.0,460.0,NHANES Lead,Isotonic,Logistic regression,results/stage2de/h3_common5_budget_curve.parquet
nhanes_lead,nhanes,logistic_regression,jeffreys_smoothed_intercept_matching,500,0.0237084095036198,0.0984833563127831,40.0,460.0,NHANES Lead,Jeffreys intercept,Logistic regression,results/stage2de/h3_common5_budget_curve.parquet
nhanes_lead,nhanes,xgboost_cpu,intercept_only_mle,25,0.0151087093905105,0.0049241678156391,2.0,23.0,NHANES Lead,Intercept MLE,CPU XGBoost,results/stage2de/h3_common5_budget_curve.parquet
nhanes_lead,nhanes,xgboost_cpu,sigmoid,25,-0.0094324749279498,0.0049241678156391,2.0,23.0,NHANES Lead,Sigmoid,CPU XGBoost,results/stage2de/h3_common5_budget_curve.parquet
nhanes_lead,nhanes,xgboost_cpu,isotonic,25,-0.2726813600442666,0.0049241678156391,2.0,23.0,NHANES Lead,Isotonic,CPU XGBoost,results/stage2de/h3_common5_budget_curve.parquet
nhanes_lead,nhanes,xgboost_cpu,jeffreys_smoothed_intercept_matching,25,0.013748682987823,0.0049241678156391,2.0,23.0,NHANES Lead,Jeffreys intercept,CPU XGBoost,results/stage2de/h3_common5_budget_curve.parquet
nhanes_lead,nhanes,xgboost_cpu,intercept_only_mle,50,0.017825074353283,0.0098483356312783,4.0,46.0,NHANES Lead,Intercept MLE,CPU XGBoost,results/stage2de/h3_common5_budget_curve.parquet
nhanes_lead,nhanes,xgboost_cpu,sigmoid,50,0.0084515313758916,0.0098483356312783,4.0,46.0,NHANES Lead,Sigmoid,CPU XGBoost,results/stage2de/h3_common5_budget_curve.parquet
nhanes_lead,nhanes,xgboost_cpu,isotonic,50,-0.1344415364679377,0.0098483356312783,4.0,46.0,NHANES Lead,Isotonic,CPU XGBoost,results/stage2de/h3_common5_budget_curve.parquet
nhanes_lead,nhanes,xgboost_cpu,jeffreys_smoothed_intercept_matching,50,0.0177571167100341,0.0098483356312783,4.0,46.0,NHANES Lead,Jeffreys intercept,CPU XGBoost,results/stage2de/h3_common5_budget_curve.parquet
nhanes_lead,nhanes,xgboost_cpu,intercept_only_mle,100,0.020054834200745,0.0196966712625566,8.0,92.0,NHANES Lead,Intercept MLE,CPU XGBoost,results/stage2de/h3_common5_budget_curve.parquet
nhanes_lead,nhanes,xgboost_cpu,sigmoid,100,0.0176578683906654,0.0196966712625566,8.0,92.0,NHANES Lead,Sigmoid,CPU XGBoost,results/stage2de/h3_common5_budget_curve.parquet
nhanes_lead,nhanes,xgboost_cpu,isotonic,100,-0.0651830064586833,0.0196966712625566,8.0,92.0,NHANES Lead,Isotonic,CPU XGBoost,results/stage2de/h3_common5_budget_curve.parquet
nhanes_lead,nhanes,xgboost_cpu,jeffreys_smoothed_intercept_matching,100,0.0195037666883435,0.0196966712625566,8.0,92.0,NHANES Lead,Jeffreys intercept,CPU XGBoost,results/stage2de/h3_common5_budget_curve.parquet
nhanes_lead,nhanes,xgboost_cpu,intercept_only_mle,250,0.0214935699820875,0.0492416781563915,21.0,229.0,NHANES Lead,Intercept MLE,CPU XGBoost,results/stage2de/h3_common5_budget_curve.parquet
nhanes_lead,nhanes,xgboost_cpu,sigmoid,250,0.0212461180772051,0.0492416781563915,21.0,229.0,NHANES Lead,Sigmoid,CPU XGBoost,results/stage2de/h3_common5_budget_curve.parquet
nhanes_lead,nhanes,xgboost_cpu,isotonic,250,-0.0055098842178417,0.0492416781563915,21.0,229.0,NHANES Lead,Isotonic,CPU XGBoost,results/stage2de/h3_common5_budget_curve.parquet
nhanes_lead,nhanes,xgboost_cpu,jeffreys_smoothed_intercept_matching,250,0.0211204443487963,0.0492416781563915,21.0,229.0,NHANES Lead,Jeffreys intercept,CPU XGBoost,results/stage2de/h3_common5_budget_curve.parquet
nhanes_lead,nhanes,xgboost_cpu,intercept_only_mle,500,0.0231922639937017,0.0984833563127831,40.0,460.0,NHANES Lead,Intercept MLE,CPU XGBoost,results/stage2de/h3_common5_budget_curve.parquet
nhanes_lead,nhanes,xgboost_cpu,sigmoid,500,0.0250114844486496,0.0984833563127831,40.0,460.0,NHANES Lead,Sigmoid,CPU XGBoost,results/stage2de/h3_common5_budget_curve.parquet
nhanes_lead,nhanes,xgboost_cpu,isotonic,500,0.0160705919227581,0.0984833563127831,40.0,460.0,NHANES Lead,Isotonic,CPU XGBoost,results/stage2de/h3_common5_budget_curve.parquet
nhanes_lead,nhanes,xgboost_cpu,jeffreys_smoothed_intercept_matching,500,0.0225893791738715,0.0984833563127831,40.0,460.0,NHANES Lead,Jeffreys intercept,CPU XGBoost,results/stage2de/h3_common5_budget_curve.parquet
diabetes_readmission_patient_index,uci_diabetes,logistic_regression,intercept_only_mle,25,-0.0043564647269929,0.0016571655839851,9.0,16.0,Diabetes Readmission,Intercept MLE,Logistic regression,results/stage2de/h3_common5_budget_curve.parquet
diabetes_readmission_patient_index,uci_diabetes,logistic_regression,sigmoid,25,-0.0265388781360753,0.0016571655839851,9.0,16.0,Diabetes Readmission,Sigmoid,Logistic regression,results/stage2de/h3_common5_budget_curve.parquet
diabetes_readmission_patient_index,uci_diabetes,logistic_regression,isotonic,25,-0.4990070341797797,0.0016571655839851,9.0,16.0,Diabetes Readmission,Isotonic,Logistic regression,results/stage2de/h3_common5_budget_curve.parquet
diabetes_readmission_patient_index,uci_diabetes,logistic_regression,jeffreys_smoothed_intercept_matching,25,-0.0027598381521832,0.0016571655839851,9.0,16.0,Diabetes Readmission,Jeffreys intercept,Logistic regression,results/stage2de/h3_common5_budget_curve.parquet
diabetes_readmission_patient_index,uci_diabetes,logistic_regression,intercept_only_mle,50,-0.0006484595851602,0.0033143311679703,17.0,33.0,Diabetes Readmission,Intercept MLE,Logistic regression,results/stage2de/h3_common5_budget_curve.parquet
diabetes_readmission_patient_index,uci_diabetes,logistic_regression,sigmoid,50,-0.0094480875124772,0.0033143311679703,17.0,33.0,Diabetes Readmission,Sigmoid,Logistic regression,results/stage2de/h3_common5_budget_curve.parquet
diabetes_readmission_patient_index,uci_diabetes,logistic_regression,isotonic,50,-0.2677394961728068,0.0033143311679703,17.0,33.0,Diabetes Readmission,Isotonic,Logistic regression,results/stage2de/h3_common5_budget_curve.parquet
diabetes_readmission_patient_index,uci_diabetes,logistic_regression,jeffreys_smoothed_intercept_matching,50,-0.0001174256254917,0.0033143311679703,17.0,33.0,Diabetes Readmission,Jeffreys intercept,Logistic regression,results/stage2de/h3_common5_budget_curve.parquet
diabetes_readmission_patient_index,uci_diabetes,logistic_regression,intercept_only_mle,100,0.0025818934053623,0.0066286623359406,35.0,65.0,Diabetes Readmission,Intercept MLE,Logistic regression,results/stage2de/h3_common5_budget_curve.parquet
diabetes_readmission_patient_index,uci_diabetes,logistic_regression,sigmoid,100,-0.0029265142589025,0.0066286623359406,35.0,65.0,Diabetes Readmission,Sigmoid,Logistic regression,results/stage2de/h3_common5_budget_curve.parquet
diabetes_readmission_patient_index,uci_diabetes,logistic_regression,isotonic,100,-0.1519803971048569,0.0066286623359406,35.0,65.0,Diabetes Readmission,Isotonic,Logistic regression,results/stage2de/h3_common5_budget_curve.parquet
diabetes_readmission_patient_index,uci_diabetes,logistic_regression,jeffreys_smoothed_intercept_matching,100,0.0026865445421594,0.0066286623359406,35.0,65.0,Diabetes Readmission,Jeffreys intercept,Logistic regression,results/stage2de/h3_common5_budget_curve.parquet
diabetes_readmission_patient_index,uci_diabetes,logistic_regression,intercept_only_mle,250,0.0036925544242416,0.0165716558398515,88.0,162.0,Diabetes Readmission,Intercept MLE,Logistic regression,results/stage2de/h3_common5_budget_curve.parquet
diabetes_readmission_patient_index,uci_diabetes,logistic_regression,sigmoid,250,0.0018308531702096,0.0165716558398515,88.0,162.0,Diabetes Readmission,Sigmoid,Logistic regression,results/stage2de/h3_common5_budget_curve.parquet
diabetes_readmission_patient_index,uci_diabetes,logistic_regression,isotonic,250,-0.0615661478649662,0.0165716558398515,88.0,162.0,Diabetes Readmission,Isotonic,Logistic regression,results/stage2de/h3_common5_budget_curve.parquet
diabetes_readmission_patient_index,uci_diabetes,logistic_regression,jeffreys_smoothed_intercept_matching,250,0.0036693943038129,0.0165716558398515,88.0,162.0,Diabetes Readmission,Jeffreys intercept,Logistic regression,results/stage2de/h3_common5_budget_curve.parquet
diabetes_readmission_patient_index,uci_diabetes,logistic_regression,intercept_only_mle,500,0.0039226521022271,0.033143311679703,176.5,323.5,Diabetes Readmission,Intercept MLE,Logistic regression,results/stage2de/h3_common5_budget_curve.parquet
diabetes_readmission_patient_index,uci_diabetes,logistic_regression,sigmoid,500,0.0031615848623377,0.033143311679703,176.5,323.5,Diabetes Readmission,Sigmoid,Logistic regression,results/stage2de/h3_common5_budget_curve.parquet
diabetes_readmission_patient_index,uci_diabetes,logistic_regression,isotonic,500,-0.0212833359455784,0.033143311679703,176.5,323.5,Diabetes Readmission,Isotonic,Logistic regression,results/stage2de/h3_common5_budget_curve.parquet
diabetes_readmission_patient_index,uci_diabetes,logistic_regression,jeffreys_smoothed_intercept_matching,500,0.0039045496587051,0.033143311679703,176.5,323.5,Diabetes Readmission,Jeffreys intercept,Logistic regression,results/stage2de/h3_common5_budget_curve.parquet
diabetes_readmission_patient_index,uci_diabetes,xgboost_cpu,intercept_only_mle,25,-0.006806966181982,0.0016571655839851,9.0,16.0,Diabetes Readmission,Intercept MLE,CPU XGBoost,results/stage2de/h3_common5_budget_curve.parquet
diabetes_readmission_patient_index,uci_diabetes,xgboost_cpu,sigmoid,25,-0.0275894094981802,0.0016571655839851,9.0,16.0,Diabetes Readmission,Sigmoid,CPU XGBoost,results/stage2de/h3_common5_budget_curve.parquet
diabetes_readmission_patient_index,uci_diabetes,xgboost_cpu,isotonic,25,-0.4296185032601711,0.0016571655839851,9.0,16.0,Diabetes Readmission,Isotonic,CPU XGBoost,results/stage2de/h3_common5_budget_curve.parquet
diabetes_readmission_patient_index,uci_diabetes,xgboost_cpu,jeffreys_smoothed_intercept_matching,25,-0.005431933950826,0.0016571655839851,9.0,16.0,Diabetes Readmission,Jeffreys intercept,CPU XGBoost,results/stage2de/h3_common5_budget_curve.parquet
diabetes_readmission_patient_index,uci_diabetes,xgboost_cpu,intercept_only_mle,50,-0.0030453504227644,0.0033143311679703,17.0,33.0,Diabetes Readmission,Intercept MLE,CPU XGBoost,results/stage2de/h3_common5_budget_curve.parquet
diabetes_readmission_patient_index,uci_diabetes,xgboost_cpu,sigmoid,50,-0.0134212625028111,0.0033143311679703,17.0,33.0,Diabetes Readmission,Sigmoid,CPU XGBoost,results/stage2de/h3_common5_budget_curve.parquet
diabetes_readmission_patient_index,uci_diabetes,xgboost_cpu,isotonic,50,-0.2502196242816051,0.0033143311679703,17.0,33.0,Diabetes Readmission,Isotonic,CPU XGBoost,results/stage2de/h3_common5_budget_curve.parquet
diabetes_readmission_patient_index,uci_diabetes,xgboost_cpu,jeffreys_smoothed_intercept_matching,50,-0.0025580510431639,0.0033143311679703,17.0,33.0,Diabetes Readmission,Jeffreys intercept,CPU XGBoost,results/stage2de/h3_common5_budget_curve.parquet
diabetes_readmission_patient_index,uci_diabetes,xgboost_cpu,intercept_only_mle,100,-6.926584672212188e-05,0.0066286623359406,35.0,65.0,Diabetes Readmission,Intercept MLE,CPU XGBoost,results/stage2de/h3_common5_budget_curve.parquet
diabetes_readmission_patient_index,uci_diabetes,xgboost_cpu,sigmoid,100,-0.0050960584721559,0.0066286623359406,35.0,65.0,Diabetes Readmission,Sigmoid,CPU XGBoost,results/stage2de/h3_common5_budget_curve.parquet
diabetes_readmission_patient_index,uci_diabetes,xgboost_cpu,isotonic,100,-0.1418273903316221,0.0066286623359406,35.0,65.0,Diabetes Readmission,Isotonic,CPU XGBoost,results/stage2de/h3_common5_budget_curve.parquet
diabetes_readmission_patient_index,uci_diabetes,xgboost_cpu,jeffreys_smoothed_intercept_matching,100,-7.046728715326411e-05,0.0066286623359406,35.0,65.0,Diabetes Readmission,Jeffreys intercept,CPU XGBoost,results/stage2de/h3_common5_budget_curve.parquet
diabetes_readmission_patient_index,uci_diabetes,xgboost_cpu,intercept_only_mle,250,0.0009804644736932,0.0165716558398515,88.0,162.0,Diabetes Readmission,Intercept MLE,CPU XGBoost,results/stage2de/h3_common5_budget_curve.parquet
diabetes_readmission_patient_index,uci_diabetes,xgboost_cpu,sigmoid,250,-0.0011836332444649,0.0165716558398515,88.0,162.0,Diabetes Readmission,Sigmoid,CPU XGBoost,results/stage2de/h3_common5_budget_curve.parquet
diabetes_readmission_patient_index,uci_diabetes,xgboost_cpu,isotonic,250,-0.0493690686784485,0.0165716558398515,88.0,162.0,Diabetes Readmission,Isotonic,CPU XGBoost,results/stage2de/h3_common5_budget_curve.parquet
diabetes_readmission_patient_index,uci_diabetes,xgboost_cpu,jeffreys_smoothed_intercept_matching,250,0.0009703462902247,0.0165716558398515,88.0,162.0,Diabetes Readmission,Jeffreys intercept,CPU XGBoost,results/stage2de/h3_common5_budget_curve.parquet
diabetes_readmission_patient_index,uci_diabetes,xgboost_cpu,intercept_only_mle,500,0.0012349452370811,0.033143311679703,176.5,323.5,Diabetes Readmission,Intercept MLE,CPU XGBoost,results/stage2de/h3_common5_budget_curve.parquet
diabetes_readmission_patient_index,uci_diabetes,xgboost_cpu,sigmoid,500,3.3402247887170944e-05,0.033143311679703,176.5,323.5,Diabetes Readmission,Sigmoid,CPU XGBoost,results/stage2de/h3_common5_budget_curve.parquet
diabetes_readmission_patient_index,uci_diabetes,xgboost_cpu,isotonic,500,-0.0232586790774248,0.033143311679703,176.5,323.5,Diabetes Readmission,Isotonic,CPU XGBoost,results/stage2de/h3_common5_budget_curve.parquet
diabetes_readmission_patient_index,uci_diabetes,xgboost_cpu,jeffreys_smoothed_intercept_matching,500,0.0012372911374191,0.033143311679703,176.5,323.5,Diabetes Readmission,Jeffreys intercept,CPU XGBoost,results/stage2de/h3_common5_budget_curve.parquet
