dataset,source_family,base_model,calibration_method,metric,effect_column,budget,absolute_budget,budget_fraction_of_target_pool,observed_positive_count,observed_negative_count,median,IQR,p05,p95,worst_observed_effect,availability_rate,algorithm_estimability_rate,estimable_rate,any_benefit_rate,any_harm_rate,material_benefit_rate,material_harm_rate,total_attempts,available_attempts,algorithm_estimable_attempts,finite_paired_effects,in_analysis_scope,analysis_scope,equal_task_effect,equal_family_effect,estimable_task_count_at_budget,source_family_count_at_budget,source_file
college_scorecard_2018,college_scorecard,logistic_regression,intercept_only_mle,log_loss,delta_log_loss,0,0,0.0,0.0,0.0,0.0,0.0,0.0,0.0,0.0,1.0,1.0,1.0,0.0,0.0,0.0,0.0,,,,,True,college_stress,0.0,0.0,1.0,1.0,results/stage2de/h3_college_stress_case.parquet
college_scorecard_2018,college_scorecard,logistic_regression,sigmoid,log_loss,delta_log_loss,0,0,0.0,0.0,0.0,0.0,0.0,0.0,0.0,0.0,1.0,1.0,1.0,0.0,0.0,0.0,0.0,,,,,True,college_stress,0.0,0.0,1.0,1.0,results/stage2de/h3_college_stress_case.parquet
college_scorecard_2018,college_scorecard,logistic_regression,isotonic,log_loss,delta_log_loss,0,0,0.0,0.0,0.0,0.0,0.0,0.0,0.0,0.0,1.0,1.0,1.0,0.0,0.0,0.0,0.0,,,,,True,college_stress,0.0,0.0,1.0,1.0,results/stage2de/h3_college_stress_case.parquet
college_scorecard_2018,college_scorecard,logistic_regression,jeffreys_smoothed_intercept_matching,log_loss,delta_log_loss,0,0,0.0,0.0,0.0,0.0,0.0,0.0,0.0,0.0,1.0,1.0,1.0,0.0,0.0,0.0,0.0,,,,,True,college_stress,0.0,0.0,1.0,1.0,results/stage2de/h3_college_stress_case.parquet
college_scorecard_2018,college_scorecard,xgboost_cpu,intercept_only_mle,log_loss,delta_log_loss,0,0,0.0,0.0,0.0,0.0,0.0,0.0,0.0,0.0,1.0,1.0,1.0,0.0,0.0,0.0,0.0,,,,,True,college_stress,0.0,0.0,1.0,1.0,results/stage2de/h3_college_stress_case.parquet
college_scorecard_2018,college_scorecard,xgboost_cpu,sigmoid,log_loss,delta_log_loss,0,0,0.0,0.0,0.0,0.0,0.0,0.0,0.0,0.0,1.0,1.0,1.0,0.0,0.0,0.0,0.0,,,,,True,college_stress,0.0,0.0,1.0,1.0,results/stage2de/h3_college_stress_case.parquet
college_scorecard_2018,college_scorecard,xgboost_cpu,isotonic,log_loss,delta_log_loss,0,0,0.0,0.0,0.0,0.0,0.0,0.0,0.0,0.0,1.0,1.0,1.0,0.0,0.0,0.0,0.0,,,,,True,college_stress,0.0,0.0,1.0,1.0,results/stage2de/h3_college_stress_case.parquet
college_scorecard_2018,college_scorecard,xgboost_cpu,jeffreys_smoothed_intercept_matching,log_loss,delta_log_loss,0,0,0.0,0.0,0.0,0.0,0.0,0.0,0.0,0.0,1.0,1.0,1.0,0.0,0.0,0.0,0.0,,,,,True,college_stress,0.0,0.0,1.0,1.0,results/stage2de/h3_college_stress_case.parquet
college_scorecard_2018,college_scorecard,logistic_regression,intercept_only_mle,relative_log_loss,relative_delta_log_loss,0,0,0.0,0.0,0.0,0.0,0.0,0.0,0.0,0.0,1.0,1.0,1.0,0.0,0.0,0.0,0.0,,,,,True,college_stress,0.0,0.0,1.0,1.0,results/stage2de/h3_college_stress_case.parquet
college_scorecard_2018,college_scorecard,logistic_regression,sigmoid,relative_log_loss,relative_delta_log_loss,0,0,0.0,0.0,0.0,0.0,0.0,0.0,0.0,0.0,1.0,1.0,1.0,0.0,0.0,0.0,0.0,,,,,True,college_stress,0.0,0.0,1.0,1.0,results/stage2de/h3_college_stress_case.parquet
college_scorecard_2018,college_scorecard,logistic_regression,isotonic,relative_log_loss,relative_delta_log_loss,0,0,0.0,0.0,0.0,0.0,0.0,0.0,0.0,0.0,1.0,1.0,1.0,0.0,0.0,0.0,0.0,,,,,True,college_stress,0.0,0.0,1.0,1.0,results/stage2de/h3_college_stress_case.parquet
college_scorecard_2018,college_scorecard,logistic_regression,jeffreys_smoothed_intercept_matching,relative_log_loss,relative_delta_log_loss,0,0,0.0,0.0,0.0,0.0,0.0,0.0,0.0,0.0,1.0,1.0,1.0,0.0,0.0,0.0,0.0,,,,,True,college_stress,0.0,0.0,1.0,1.0,results/stage2de/h3_college_stress_case.parquet
college_scorecard_2018,college_scorecard,xgboost_cpu,intercept_only_mle,relative_log_loss,relative_delta_log_loss,0,0,0.0,0.0,0.0,0.0,0.0,0.0,0.0,0.0,1.0,1.0,1.0,0.0,0.0,0.0,0.0,,,,,True,college_stress,0.0,0.0,1.0,1.0,results/stage2de/h3_college_stress_case.parquet
college_scorecard_2018,college_scorecard,xgboost_cpu,sigmoid,relative_log_loss,relative_delta_log_loss,0,0,0.0,0.0,0.0,0.0,0.0,0.0,0.0,0.0,1.0,1.0,1.0,0.0,0.0,0.0,0.0,,,,,True,college_stress,0.0,0.0,1.0,1.0,results/stage2de/h3_college_stress_case.parquet
college_scorecard_2018,college_scorecard,xgboost_cpu,isotonic,relative_log_loss,relative_delta_log_loss,0,0,0.0,0.0,0.0,0.0,0.0,0.0,0.0,0.0,1.0,1.0,1.0,0.0,0.0,0.0,0.0,,,,,True,college_stress,0.0,0.0,1.0,1.0,results/stage2de/h3_college_stress_case.parquet
college_scorecard_2018,college_scorecard,xgboost_cpu,jeffreys_smoothed_intercept_matching,relative_log_loss,relative_delta_log_loss,0,0,0.0,0.0,0.0,0.0,0.0,0.0,0.0,0.0,1.0,1.0,1.0,0.0,0.0,0.0,0.0,,,,,True,college_stress,0.0,0.0,1.0,1.0,results/stage2de/h3_college_stress_case.parquet
college_scorecard_2018,college_scorecard,logistic_regression,intercept_only_mle,brier_skill,delta_brier_skill,0,0,0.0,0.0,0.0,0.0,0.0,0.0,0.0,0.0,1.0,1.0,1.0,0.0,0.0,0.0,0.0,,,,,True,college_stress,0.0,0.0,1.0,1.0,results/stage2de/h3_college_stress_case.parquet
college_scorecard_2018,college_scorecard,logistic_regression,sigmoid,brier_skill,delta_brier_skill,0,0,0.0,0.0,0.0,0.0,0.0,0.0,0.0,0.0,1.0,1.0,1.0,0.0,0.0,0.0,0.0,,,,,True,college_stress,0.0,0.0,1.0,1.0,results/stage2de/h3_college_stress_case.parquet
college_scorecard_2018,college_scorecard,logistic_regression,isotonic,brier_skill,delta_brier_skill,0,0,0.0,0.0,0.0,0.0,0.0,0.0,0.0,0.0,1.0,1.0,1.0,0.0,0.0,0.0,0.0,,,,,True,college_stress,0.0,0.0,1.0,1.0,results/stage2de/h3_college_stress_case.parquet
college_scorecard_2018,college_scorecard,logistic_regression,jeffreys_smoothed_intercept_matching,brier_skill,delta_brier_skill,0,0,0.0,0.0,0.0,0.0,0.0,0.0,0.0,0.0,1.0,1.0,1.0,0.0,0.0,0.0,0.0,,,,,True,college_stress,0.0,0.0,1.0,1.0,results/stage2de/h3_college_stress_case.parquet
college_scorecard_2018,college_scorecard,xgboost_cpu,intercept_only_mle,brier_skill,delta_brier_skill,0,0,0.0,0.0,0.0,0.0,0.0,0.0,0.0,0.0,1.0,1.0,1.0,0.0,0.0,0.0,0.0,,,,,True,college_stress,0.0,0.0,1.0,1.0,results/stage2de/h3_college_stress_case.parquet
college_scorecard_2018,college_scorecard,xgboost_cpu,sigmoid,brier_skill,delta_brier_skill,0,0,0.0,0.0,0.0,0.0,0.0,0.0,0.0,0.0,1.0,1.0,1.0,0.0,0.0,0.0,0.0,,,,,True,college_stress,0.0,0.0,1.0,1.0,results/stage2de/h3_college_stress_case.parquet
college_scorecard_2018,college_scorecard,xgboost_cpu,isotonic,brier_skill,delta_brier_skill,0,0,0.0,0.0,0.0,0.0,0.0,0.0,0.0,0.0,1.0,1.0,1.0,0.0,0.0,0.0,0.0,,,,,True,college_stress,0.0,0.0,1.0,1.0,results/stage2de/h3_college_stress_case.parquet
college_scorecard_2018,college_scorecard,xgboost_cpu,jeffreys_smoothed_intercept_matching,brier_skill,delta_brier_skill,0,0,0.0,0.0,0.0,0.0,0.0,0.0,0.0,0.0,1.0,1.0,1.0,0.0,0.0,0.0,0.0,,,,,True,college_stress,0.0,0.0,1.0,1.0,results/stage2de/h3_college_stress_case.parquet
college_scorecard_2018,college_scorecard,logistic_regression,intercept_only_mle,abs_calibration_intercept,delta_abs_calibration_intercept,0,0,0.0,0.0,0.0,0.0,0.0,0.0,0.0,0.0,1.0,1.0,1.0,0.0,0.0,0.0,0.0,,,,,True,college_stress,0.0,0.0,1.0,1.0,results/stage2de/h3_college_stress_case.parquet
college_scorecard_2018,college_scorecard,logistic_regression,sigmoid,abs_calibration_intercept,delta_abs_calibration_intercept,0,0,0.0,0.0,0.0,0.0,0.0,0.0,0.0,0.0,1.0,1.0,1.0,0.0,0.0,0.0,0.0,,,,,True,college_stress,0.0,0.0,1.0,1.0,results/stage2de/h3_college_stress_case.parquet
college_scorecard_2018,college_scorecard,logistic_regression,isotonic,abs_calibration_intercept,delta_abs_calibration_intercept,0,0,0.0,0.0,0.0,0.0,0.0,0.0,0.0,0.0,1.0,1.0,1.0,0.0,0.0,0.0,0.0,,,,,True,college_stress,0.0,0.0,1.0,1.0,results/stage2de/h3_college_stress_case.parquet
college_scorecard_2018,college_scorecard,logistic_regression,jeffreys_smoothed_intercept_matching,abs_calibration_intercept,delta_abs_calibration_intercept,0,0,0.0,0.0,0.0,0.0,0.0,0.0,0.0,0.0,1.0,1.0,1.0,0.0,0.0,0.0,0.0,,,,,True,college_stress,0.0,0.0,1.0,1.0,results/stage2de/h3_college_stress_case.parquet
college_scorecard_2018,college_scorecard,xgboost_cpu,intercept_only_mle,abs_calibration_intercept,delta_abs_calibration_intercept,0,0,0.0,0.0,0.0,0.0,0.0,0.0,0.0,0.0,1.0,1.0,1.0,0.0,0.0,0.0,0.0,,,,,True,college_stress,0.0,0.0,1.0,1.0,results/stage2de/h3_college_stress_case.parquet
college_scorecard_2018,college_scorecard,xgboost_cpu,sigmoid,abs_calibration_intercept,delta_abs_calibration_intercept,0,0,0.0,0.0,0.0,0.0,0.0,0.0,0.0,0.0,1.0,1.0,1.0,0.0,0.0,0.0,0.0,,,,,True,college_stress,0.0,0.0,1.0,1.0,results/stage2de/h3_college_stress_case.parquet
college_scorecard_2018,college_scorecard,xgboost_cpu,isotonic,abs_calibration_intercept,delta_abs_calibration_intercept,0,0,0.0,0.0,0.0,0.0,0.0,0.0,0.0,0.0,1.0,1.0,1.0,0.0,0.0,0.0,0.0,,,,,True,college_stress,0.0,0.0,1.0,1.0,results/stage2de/h3_college_stress_case.parquet
college_scorecard_2018,college_scorecard,xgboost_cpu,jeffreys_smoothed_intercept_matching,abs_calibration_intercept,delta_abs_calibration_intercept,0,0,0.0,0.0,0.0,0.0,0.0,0.0,0.0,0.0,1.0,1.0,1.0,0.0,0.0,0.0,0.0,,,,,True,college_stress,0.0,0.0,1.0,1.0,results/stage2de/h3_college_stress_case.parquet
college_scorecard_2018,college_scorecard,logistic_regression,intercept_only_mle,abs_calibration_slope_error,delta_abs_calibration_slope_error,0,0,0.0,0.0,0.0,0.0,0.0,0.0,0.0,0.0,1.0,1.0,1.0,0.0,0.0,0.0,0.0,,,,,True,college_stress,0.0,0.0,1.0,1.0,results/stage2de/h3_college_stress_case.parquet
college_scorecard_2018,college_scorecard,logistic_regression,sigmoid,abs_calibration_slope_error,delta_abs_calibration_slope_error,0,0,0.0,0.0,0.0,0.0,0.0,0.0,0.0,0.0,1.0,1.0,1.0,0.0,0.0,0.0,0.0,,,,,True,college_stress,0.0,0.0,1.0,1.0,results/stage2de/h3_college_stress_case.parquet
college_scorecard_2018,college_scorecard,logistic_regression,isotonic,abs_calibration_slope_error,delta_abs_calibration_slope_error,0,0,0.0,0.0,0.0,0.0,0.0,0.0,0.0,0.0,1.0,1.0,1.0,0.0,0.0,0.0,0.0,,,,,True,college_stress,0.0,0.0,1.0,1.0,results/stage2de/h3_college_stress_case.parquet
college_scorecard_2018,college_scorecard,logistic_regression,jeffreys_smoothed_intercept_matching,abs_calibration_slope_error,delta_abs_calibration_slope_error,0,0,0.0,0.0,0.0,0.0,0.0,0.0,0.0,0.0,1.0,1.0,1.0,0.0,0.0,0.0,0.0,,,,,True,college_stress,0.0,0.0,1.0,1.0,results/stage2de/h3_college_stress_case.parquet
college_scorecard_2018,college_scorecard,xgboost_cpu,intercept_only_mle,abs_calibration_slope_error,delta_abs_calibration_slope_error,0,0,0.0,0.0,0.0,0.0,0.0,0.0,0.0,0.0,1.0,1.0,1.0,0.0,0.0,0.0,0.0,,,,,True,college_stress,0.0,0.0,1.0,1.0,results/stage2de/h3_college_stress_case.parquet
college_scorecard_2018,college_scorecard,xgboost_cpu,sigmoid,abs_calibration_slope_error,delta_abs_calibration_slope_error,0,0,0.0,0.0,0.0,0.0,0.0,0.0,0.0,0.0,1.0,1.0,1.0,0.0,0.0,0.0,0.0,,,,,True,college_stress,0.0,0.0,1.0,1.0,results/stage2de/h3_college_stress_case.parquet
college_scorecard_2018,college_scorecard,xgboost_cpu,isotonic,abs_calibration_slope_error,delta_abs_calibration_slope_error,0,0,0.0,0.0,0.0,0.0,0.0,0.0,0.0,0.0,1.0,1.0,1.0,0.0,0.0,0.0,0.0,,,,,True,college_stress,0.0,0.0,1.0,1.0,results/stage2de/h3_college_stress_case.parquet
college_scorecard_2018,college_scorecard,xgboost_cpu,jeffreys_smoothed_intercept_matching,abs_calibration_slope_error,delta_abs_calibration_slope_error,0,0,0.0,0.0,0.0,0.0,0.0,0.0,0.0,0.0,1.0,1.0,1.0,0.0,0.0,0.0,0.0,,,,,True,college_stress,0.0,0.0,1.0,1.0,results/stage2de/h3_college_stress_case.parquet
college_scorecard_2018,college_scorecard,logistic_regression,intercept_only_mle,log_loss,delta_log_loss,25,25,0.2403846153846154,17.0,8.0,-0.004461349681551485,0.10003015288581452,-0.22771663060589978,0.07275361001285846,-0.47537477154729957,1.0,1.0,1.0,0.47,0.53,0.38666666666666666,0.4633333333333333,300.0,300.0,300.0,300.0,True,college_stress,-0.004461349681551485,-0.004461349681551485,1.0,1.0,results/stage2de/h3_college_stress_case.parquet
college_scorecard_2018,college_scorecard,logistic_regression,sigmoid,log_loss,delta_log_loss,25,25,0.2403846153846154,17.0,8.0,0.10980772868137695,0.20702444100570488,-0.16050642127918918,0.25333623170996833,-3.5428223221213337,1.0,1.0,1.0,0.7433333333333333,0.25666666666666665,0.7266666666666667,0.24333333333333335,300.0,300.0,300.0,300.0,True,college_stress,0.10980772868137695,0.10980772868137695,1.0,1.0,results/stage2de/h3_college_stress_case.parquet
college_scorecard_2018,college_scorecard,logistic_regression,isotonic,log_loss,delta_log_loss,25,25,0.2403846153846154,17.0,8.0,0.22967133956340213,0.8577215031386308,-1.0580617221569382,0.6619914088583715,-1.720808082275961,1.0,0.9266666666666666,0.9266666666666666,0.6115107913669064,0.38848920863309355,0.60431654676259,0.381294964028777,300.0,300.0,278.0,278.0,True,college_stress,0.22967133956340213,0.22967133956340213,1.0,1.0,results/stage2de/h3_college_stress_case.parquet
college_scorecard_2018,college_scorecard,logistic_regression,jeffreys_smoothed_intercept_matching,log_loss,delta_log_loss,25,25,0.2403846153846154,17.0,8.0,0.002091384363581472,0.08998705751096894,-0.21836197751761993,0.07206827585484475,-0.4629687490755956,1.0,1.0,1.0,0.5133333333333333,0.4866666666666667,0.41333333333333333,0.44,300.0,300.0,300.0,300.0,True,college_stress,0.002091384363581472,0.002091384363581472,1.0,1.0,results/stage2de/h3_college_stress_case.parquet
college_scorecard_2018,college_scorecard,logistic_regression,intercept_only_mle,log_loss,delta_log_loss,50,50,0.4807692307692308,34.0,16.0,0.006204699006857939,0.08443015256346123,-0.1636913021492496,0.052843339606730426,-0.264923895217561,1.0,1.0,1.0,0.5366666666666666,0.4633333333333333,0.48,0.41333333333333333,300.0,300.0,300.0,300.0,True,college_stress,0.006204699006857939,0.006204699006857939,1.0,1.0,results/stage2de/h3_college_stress_case.parquet
college_scorecard_2018,college_scorecard,logistic_regression,sigmoid,log_loss,delta_log_loss,50,50,0.4807692307692308,34.0,16.0,0.16765997444146974,0.16485198400435974,-0.020566197910012057,0.24199677445452364,-0.09721647526701338,1.0,1.0,1.0,0.91,0.09,0.8933333333333333,0.08333333333333333,300.0,300.0,300.0,300.0,True,college_stress,0.16765997444146974,0.16765997444146974,1.0,1.0,results/stage2de/h3_college_stress_case.parquet
college_scorecard_2018,college_scorecard,logistic_regression,isotonic,log_loss,delta_log_loss,50,50,0.4807692307692308,34.0,16.0,0.29781111232710444,0.4111803191141551,-0.42386887556783814,0.6499760289487506,-1.0772036307947672,1.0,1.0,1.0,0.79,0.21,0.79,0.20666666666666667,300.0,300.0,300.0,300.0,True,college_stress,0.29781111232710444,0.29781111232710444,1.0,1.0,results/stage2de/h3_college_stress_case.parquet
college_scorecard_2018,college_scorecard,logistic_regression,jeffreys_smoothed_intercept_matching,log_loss,delta_log_loss,50,50,0.4807692307692308,34.0,16.0,0.010610780783219309,0.08155194342916497,-0.16228848796510786,0.055861469621924786,-0.2640370677696402,1.0,1.0,1.0,0.5566666666666666,0.44333333333333336,0.5066666666666667,0.41333333333333333,300.0,300.0,300.0,300.0,True,college_stress,0.010610780783219309,0.010610780783219309,1.0,1.0,results/stage2de/h3_college_stress_case.parquet
college_scorecard_2018,college_scorecard,logistic_regression,intercept_only_mle,log_loss,delta_log_loss,100,100,0.9615384615384616,68.0,32.0,0.007162500645773617,0.0897577291457951,-0.07672957091407853,0.027332832666263036,-0.0805677906060116,1.0,1.0,1.0,0.5966666666666667,0.4033333333333333,0.4766666666666667,0.3566666666666667,300.0,300.0,300.0,300.0,True,college_stress,0.007162500645773617,0.007162500645773617,1.0,1.0,results/stage2de/h3_college_stress_case.parquet
college_scorecard_2018,college_scorecard,logistic_regression,sigmoid,log_loss,delta_log_loss,100,100,0.9615384615384616,68.0,32.0,0.19608869681218571,0.1795146315681506,0.02584660929550379,0.22687372128088448,-0.00846499744332263,1.0,1.0,1.0,0.9933333333333333,0.006666666666666667,0.9866666666666667,0.0033333333333333335,300.0,300.0,300.0,300.0,True,college_stress,0.19608869681218571,0.19608869681218571,1.0,1.0,results/stage2de/h3_college_stress_case.parquet
college_scorecard_2018,college_scorecard,logistic_regression,isotonic,log_loss,delta_log_loss,100,100,0.9615384615384616,68.0,32.0,0.3442336673128885,0.27443970446732396,0.2645195106290661,0.5563745424384788,-0.1495490220303508,1.0,1.0,1.0,0.9866666666666667,0.013333333333333334,0.9866666666666667,0.013333333333333334,300.0,300.0,300.0,300.0,True,college_stress,0.3442336673128885,0.3442336673128885,1.0,1.0,results/stage2de/h3_college_stress_case.parquet
college_scorecard_2018,college_scorecard,logistic_regression,jeffreys_smoothed_intercept_matching,log_loss,delta_log_loss,100,100,0.9615384615384616,68.0,32.0,0.010411686253037233,0.09078395524826424,-0.07735772586452486,0.027470044607336347,-0.08120199893716284,1.0,1.0,1.0,0.6133333333333333,0.38666666666666666,0.5133333333333333,0.33666666666666667,300.0,300.0,300.0,300.0,True,college_stress,0.010411686253037233,0.010411686253037233,1.0,1.0,results/stage2de/h3_college_stress_case.parquet
college_scorecard_2018,college_scorecard,logistic_regression,intercept_only_mle,log_loss,delta_log_loss,250,250,1.0,71.0,34.0,,,,,,0.0,,,,,,,300.0,0.0,0.0,0.0,False,college_stress,,,,,results/stage2de/h3_college_stress_case.parquet
college_scorecard_2018,college_scorecard,logistic_regression,sigmoid,log_loss,delta_log_loss,250,250,1.0,71.0,34.0,,,,,,0.0,,,,,,,300.0,0.0,0.0,0.0,False,college_stress,,,,,results/stage2de/h3_college_stress_case.parquet
college_scorecard_2018,college_scorecard,logistic_regression,isotonic,log_loss,delta_log_loss,250,250,1.0,71.0,34.0,,,,,,0.0,,,,,,,300.0,0.0,0.0,0.0,False,college_stress,,,,,results/stage2de/h3_college_stress_case.parquet
college_scorecard_2018,college_scorecard,logistic_regression,jeffreys_smoothed_intercept_matching,log_loss,delta_log_loss,250,250,1.0,71.0,34.0,,,,,,0.0,,,,,,,300.0,0.0,0.0,0.0,False,college_stress,,,,,results/stage2de/h3_college_stress_case.parquet
college_scorecard_2018,college_scorecard,logistic_regression,intercept_only_mle,log_loss,delta_log_loss,500,500,1.0,71.0,34.0,,,,,,0.0,,,,,,,300.0,0.0,0.0,0.0,False,college_stress,,,,,results/stage2de/h3_college_stress_case.parquet
college_scorecard_2018,college_scorecard,logistic_regression,sigmoid,log_loss,delta_log_loss,500,500,1.0,71.0,34.0,,,,,,0.0,,,,,,,300.0,0.0,0.0,0.0,False,college_stress,,,,,results/stage2de/h3_college_stress_case.parquet
college_scorecard_2018,college_scorecard,logistic_regression,isotonic,log_loss,delta_log_loss,500,500,1.0,71.0,34.0,,,,,,0.0,,,,,,,300.0,0.0,0.0,0.0,False,college_stress,,,,,results/stage2de/h3_college_stress_case.parquet
college_scorecard_2018,college_scorecard,logistic_regression,jeffreys_smoothed_intercept_matching,log_loss,delta_log_loss,500,500,1.0,71.0,34.0,,,,,,0.0,,,,,,,300.0,0.0,0.0,0.0,False,college_stress,,,,,results/stage2de/h3_college_stress_case.parquet
college_scorecard_2018,college_scorecard,xgboost_cpu,intercept_only_mle,log_loss,delta_log_loss,25,25,0.2403846153846154,17.0,8.0,-0.02589764183069254,0.06828697210941265,-0.16768231880586218,0.010818559073220432,-0.360113233397903,1.0,1.0,1.0,0.14,0.86,0.065,0.7166666666666667,600.0,600.0,600.0,600.0,True,college_stress,-0.02589764183069254,-0.02589764183069254,1.0,1.0,results/stage2de/h3_college_stress_case.parquet
college_scorecard_2018,college_scorecard,xgboost_cpu,sigmoid,log_loss,delta_log_loss,25,25,0.2403846153846154,17.0,8.0,-0.043984482519487,0.0804874673453155,-0.24864027845286818,0.013093889572085503,-1.126218788395789,1.0,1.0,1.0,0.16,0.84,0.11666666666666667,0.7883333333333333,600.0,600.0,600.0,600.0,True,college_stress,-0.043984482519487,-0.043984482519487,1.0,1.0,results/stage2de/h3_college_stress_case.parquet
college_scorecard_2018,college_scorecard,xgboost_cpu,isotonic,log_loss,delta_log_loss,25,25,0.2403846153846154,17.0,8.0,-0.39821677323050536,0.7287770300463765,-1.5630913665998039,0.07824007234822022,-2.570007419872986,1.0,0.9266666666666666,0.9266666666666666,0.11690647482014388,0.8830935251798561,0.11510791366906475,0.8794964028776978,600.0,600.0,556.0,556.0,True,college_stress,-0.39821677323050536,-0.39821677323050536,1.0,1.0,results/stage2de/h3_college_stress_case.parquet
college_scorecard_2018,college_scorecard,xgboost_cpu,jeffreys_smoothed_intercept_matching,log_loss,delta_log_loss,25,25,0.2403846153846154,17.0,8.0,-0.024050177159082253,0.06488831772467277,-0.15535363004544483,0.012730983670068396,-0.2952554878959771,1.0,1.0,1.0,0.14333333333333334,0.8566666666666667,0.075,0.7066666666666667,600.0,600.0,600.0,600.0,True,college_stress,-0.024050177159082253,-0.024050177159082253,1.0,1.0,results/stage2de/h3_college_stress_case.parquet
college_scorecard_2018,college_scorecard,xgboost_cpu,intercept_only_mle,log_loss,delta_log_loss,50,50,0.4807692307692308,34.0,16.0,-0.02484119079861208,0.0571635347392104,-0.11725681705109497,0.0010373343327070236,-0.21398045850811875,1.0,1.0,1.0,0.15833333333333333,0.8416666666666667,0.008333333333333333,0.6916666666666667,600.0,600.0,600.0,600.0,True,college_stress,-0.02484119079861208,-0.02484119079861208,1.0,1.0,results/stage2de/h3_college_stress_case.parquet
college_scorecard_2018,college_scorecard,xgboost_cpu,sigmoid,log_loss,delta_log_loss,50,50,0.4807692307692308,34.0,16.0,-0.025328137027672726,0.04464587689247276,-0.10575768295081428,0.014591756199395177,-0.29413400711689597,1.0,1.0,1.0,0.18166666666666667,0.8183333333333334,0.115,0.74,600.0,600.0,600.0,600.0,True,college_stress,-0.025328137027672726,-0.025328137027672726,1.0,1.0,results/stage2de/h3_college_stress_case.parquet
college_scorecard_2018,college_scorecard,xgboost_cpu,isotonic,log_loss,delta_log_loss,50,50,0.4807692307692308,34.0,16.0,-0.28027956496684037,0.2409501478774937,-0.894630148264555,0.0023581304611412814,-1.4112494336186785,1.0,1.0,1.0,0.055,0.945,0.03833333333333333,0.9416666666666667,600.0,600.0,600.0,600.0,True,college_stress,-0.28027956496684037,-0.28027956496684037,1.0,1.0,results/stage2de/h3_college_stress_case.parquet
college_scorecard_2018,college_scorecard,xgboost_cpu,jeffreys_smoothed_intercept_matching,log_loss,delta_log_loss,50,50,0.4807692307692308,34.0,16.0,-0.023679850194461005,0.05617096353370565,-0.11581601047655629,0.0011656786449973033,-0.19696115378507928,1.0,1.0,1.0,0.18,0.82,0.013333333333333334,0.675,600.0,600.0,600.0,600.0,True,college_stress,-0.023679850194461005,-0.023679850194461005,1.0,1.0,results/stage2de/h3_college_stress_case.parquet
college_scorecard_2018,college_scorecard,xgboost_cpu,intercept_only_mle,log_loss,delta_log_loss,100,100,0.9615384615384616,68.0,32.0,-0.03281443276647705,0.05775005493039134,-0.06454567502769337,0.0011746785520095225,-0.06758196061942046,1.0,1.0,1.0,0.315,0.685,0.0,0.6666666666666666,600.0,600.0,600.0,600.0,True,college_stress,-0.03281443276647705,-0.03281443276647705,1.0,1.0,results/stage2de/h3_college_stress_case.parquet
college_scorecard_2018,college_scorecard,xgboost_cpu,sigmoid,log_loss,delta_log_loss,100,100,0.9615384615384616,68.0,32.0,-0.023644020696767187,0.03234218765155483,-0.04503224634314724,0.0034051582089279645,-0.05202987746369525,1.0,1.0,1.0,0.18833333333333332,0.8116666666666666,0.005,0.6933333333333334,600.0,600.0,600.0,600.0,True,college_stress,-0.023644020696767187,-0.023644020696767187,1.0,1.0,results/stage2de/h3_college_stress_case.parquet
college_scorecard_2018,college_scorecard,xgboost_cpu,isotonic,log_loss,delta_log_loss,100,100,0.9615384615384616,68.0,32.0,-0.2181032261563705,0.1845600389633233,-0.3254555397074992,-0.06455639679727943,-0.3950103948109924,1.0,1.0,1.0,0.0,1.0,0.0,1.0,600.0,600.0,600.0,600.0,True,college_stress,-0.2181032261563705,-0.2181032261563705,1.0,1.0,results/stage2de/h3_college_stress_case.parquet
college_scorecard_2018,college_scorecard,xgboost_cpu,jeffreys_smoothed_intercept_matching,log_loss,delta_log_loss,100,100,0.9615384615384616,68.0,32.0,-0.03068125305128816,0.0583122685802194,-0.0650555053285592,0.0012086710655557552,-0.06805560772486052,1.0,1.0,1.0,0.3233333333333333,0.6766666666666666,0.0,0.6666666666666666,600.0,600.0,600.0,600.0,True,college_stress,-0.03068125305128816,-0.03068125305128816,1.0,1.0,results/stage2de/h3_college_stress_case.parquet
college_scorecard_2018,college_scorecard,xgboost_cpu,intercept_only_mle,log_loss,delta_log_loss,250,250,1.0,71.0,34.0,,,,,,0.0,,,,,,,600.0,0.0,0.0,0.0,False,college_stress,,,,,results/stage2de/h3_college_stress_case.parquet
college_scorecard_2018,college_scorecard,xgboost_cpu,sigmoid,log_loss,delta_log_loss,250,250,1.0,71.0,34.0,,,,,,0.0,,,,,,,600.0,0.0,0.0,0.0,False,college_stress,,,,,results/stage2de/h3_college_stress_case.parquet
college_scorecard_2018,college_scorecard,xgboost_cpu,isotonic,log_loss,delta_log_loss,250,250,1.0,71.0,34.0,,,,,,0.0,,,,,,,600.0,0.0,0.0,0.0,False,college_stress,,,,,results/stage2de/h3_college_stress_case.parquet
college_scorecard_2018,college_scorecard,xgboost_cpu,jeffreys_smoothed_intercept_matching,log_loss,delta_log_loss,250,250,1.0,71.0,34.0,,,,,,0.0,,,,,,,600.0,0.0,0.0,0.0,False,college_stress,,,,,results/stage2de/h3_college_stress_case.parquet
college_scorecard_2018,college_scorecard,xgboost_cpu,intercept_only_mle,log_loss,delta_log_loss,500,500,1.0,71.0,34.0,,,,,,0.0,,,,,,,600.0,0.0,0.0,0.0,False,college_stress,,,,,results/stage2de/h3_college_stress_case.parquet
college_scorecard_2018,college_scorecard,xgboost_cpu,sigmoid,log_loss,delta_log_loss,500,500,1.0,71.0,34.0,,,,,,0.0,,,,,,,600.0,0.0,0.0,0.0,False,college_stress,,,,,results/stage2de/h3_college_stress_case.parquet
college_scorecard_2018,college_scorecard,xgboost_cpu,isotonic,log_loss,delta_log_loss,500,500,1.0,71.0,34.0,,,,,,0.0,,,,,,,600.0,0.0,0.0,0.0,False,college_stress,,,,,results/stage2de/h3_college_stress_case.parquet
college_scorecard_2018,college_scorecard,xgboost_cpu,jeffreys_smoothed_intercept_matching,log_loss,delta_log_loss,500,500,1.0,71.0,34.0,,,,,,0.0,,,,,,,600.0,0.0,0.0,0.0,False,college_stress,,,,,results/stage2de/h3_college_stress_case.parquet
college_scorecard_2018,college_scorecard,logistic_regression,intercept_only_mle,relative_log_loss,relative_delta_log_loss,25,25,0.2403846153846154,17.0,8.0,-0.00510009748197825,0.10477600753710542,-0.23180130393308443,0.07415744656115808,-0.46079082353621925,1.0,1.0,1.0,0.47,0.53,0.38666666666666666,0.4633333333333333,300.0,300.0,300.0,300.0,True,college_stress,-0.00510009748197825,-0.00510009748197825,1.0,1.0,results/stage2de/h3_college_stress_case.parquet
college_scorecard_2018,college_scorecard,logistic_regression,sigmoid,relative_log_loss,relative_delta_log_loss,25,25,0.2403846153846154,17.0,8.0,0.12560291874030044,0.2313232747966466,-0.2361746841723016,0.28256965722948574,-3.7997550904538553,1.0,1.0,1.0,0.7433333333333333,0.25666666666666665,0.7266666666666667,0.24333333333333335,300.0,300.0,300.0,300.0,True,college_stress,0.12560291874030044,0.12560291874030044,1.0,1.0,results/stage2de/h3_college_stress_case.parquet
college_scorecard_2018,college_scorecard,logistic_regression,isotonic,relative_log_loss,relative_delta_log_loss,25,25,0.2403846153846154,17.0,8.0,0.17051791259994814,0.6164079608364282,-0.6874069512033024,0.5130890815986501,-1.3713743627109263,1.0,0.9266666666666666,0.9266666666666666,0.6115107913669064,0.38848920863309355,0.60431654676259,0.381294964028777,300.0,300.0,278.0,278.0,True,college_stress,0.17051791259994814,0.17051791259994814,1.0,1.0,results/stage2de/h3_college_stress_case.parquet
college_scorecard_2018,college_scorecard,logistic_regression,jeffreys_smoothed_intercept_matching,relative_log_loss,relative_delta_log_loss,25,25,0.2403846153846154,17.0,8.0,0.002130764468120912,0.09829010654489843,-0.21532385888522282,0.0734252986415509,-0.44874475207115916,1.0,1.0,1.0,0.5133333333333333,0.4866666666666667,0.41333333333333333,0.44,300.0,300.0,300.0,300.0,True,college_stress,0.002130764468120912,0.002130764468120912,1.0,1.0,results/stage2de/h3_college_stress_case.parquet
college_scorecard_2018,college_scorecard,logistic_regression,intercept_only_mle,relative_log_loss,relative_delta_log_loss,50,50,0.4807692307692308,34.0,16.0,0.006324423419646336,0.0908796100544437,-0.15884945438546783,0.053862992259856864,-0.25679633661328327,1.0,1.0,1.0,0.5366666666666666,0.4633333333333333,0.48,0.41333333333333333,300.0,300.0,300.0,300.0,True,college_stress,0.006324423419646336,0.006324423419646336,1.0,1.0,results/stage2de/h3_college_stress_case.parquet
college_scorecard_2018,college_scorecard,logistic_regression,sigmoid,relative_log_loss,relative_delta_log_loss,50,50,0.4807692307692308,34.0,16.0,0.1875456123451098,0.1718925858629154,-0.030697952777845774,0.2693500157148078,-0.1451093089755081,1.0,1.0,1.0,0.91,0.09,0.8933333333333333,0.08333333333333333,300.0,300.0,300.0,300.0,True,college_stress,0.1875456123451098,0.1875456123451098,1.0,1.0,results/stage2de/h3_college_stress_case.parquet
college_scorecard_2018,college_scorecard,logistic_regression,isotonic,relative_log_loss,relative_delta_log_loss,50,50,0.4807692307692308,34.0,16.0,0.22174659236487268,0.3191111017696569,-0.27523383500025683,0.5069722758728449,-0.6975657139041943,1.0,1.0,1.0,0.79,0.21,0.79,0.20666666666666667,300.0,300.0,300.0,300.0,True,college_stress,0.22174659236487268,0.22174659236487268,1.0,1.0,results/stage2de/h3_college_stress_case.parquet
college_scorecard_2018,college_scorecard,logistic_regression,jeffreys_smoothed_intercept_matching,relative_log_loss,relative_delta_log_loss,50,50,0.4807692307692308,34.0,16.0,0.011007769192178656,0.0899596123767614,-0.1573024257929216,0.05691332338527173,-0.25592493823926815,1.0,1.0,1.0,0.5566666666666666,0.44333333333333336,0.5066666666666667,0.41333333333333333,300.0,300.0,300.0,300.0,True,college_stress,0.011007769192178656,0.011007769192178656,1.0,1.0,results/stage2de/h3_college_stress_case.parquet
college_scorecard_2018,college_scorecard,logistic_regression,intercept_only_mle,relative_log_loss,relative_delta_log_loss,100,100,0.9615384615384616,68.0,32.0,0.007300706573726602,0.09684341830679381,-0.07437559644992867,0.036842109762264666,-0.07809606400230233,1.0,1.0,1.0,0.5966666666666667,0.4033333333333333,0.4766666666666667,0.3566666666666667,300.0,300.0,300.0,300.0,True,college_stress,0.007300706573726602,0.007300706573726602,1.0,1.0,results/stage2de/h3_college_stress_case.parquet
college_scorecard_2018,college_scorecard,logistic_regression,sigmoid,relative_log_loss,relative_delta_log_loss,100,100,0.9615384615384616,68.0,32.0,0.23005061929077583,0.18524663073159614,0.03857971196681633,0.24332707060823533,-0.01263520330382501,1.0,1.0,1.0,0.9933333333333333,0.006666666666666667,0.9866666666666667,0.0033333333333333335,300.0,300.0,300.0,300.0,True,college_stress,0.23005061929077583,0.23005061929077583,1.0,1.0,results/stage2de/h3_college_stress_case.parquet
college_scorecard_2018,college_scorecard,logistic_regression,isotonic,relative_log_loss,relative_delta_log_loss,100,100,0.9615384615384616,68.0,32.0,0.2535394554581463,0.2599994216641438,0.17129513492023127,0.4433950487703442,-0.09684359329471219,1.0,1.0,1.0,0.9866666666666667,0.013333333333333334,0.9866666666666667,0.013333333333333334,300.0,300.0,300.0,300.0,True,college_stress,0.2535394554581463,0.2535394554581463,1.0,1.0,results/stage2de/h3_college_stress_case.parquet
college_scorecard_2018,college_scorecard,logistic_regression,jeffreys_smoothed_intercept_matching,relative_log_loss,relative_delta_log_loss,100,100,0.9615384615384616,68.0,32.0,0.010607735004388856,0.09793539592004724,-0.07498102967679286,0.03701322510543982,-0.07870719341963565,1.0,1.0,1.0,0.6133333333333333,0.38666666666666666,0.5133333333333333,0.33666666666666667,300.0,300.0,300.0,300.0,True,college_stress,0.010607735004388856,0.010607735004388856,1.0,1.0,results/stage2de/h3_college_stress_case.parquet
college_scorecard_2018,college_scorecard,logistic_regression,intercept_only_mle,relative_log_loss,relative_delta_log_loss,250,250,1.0,71.0,34.0,,,,,,0.0,,,,,,,300.0,0.0,0.0,0.0,False,college_stress,,,,,results/stage2de/h3_college_stress_case.parquet
college_scorecard_2018,college_scorecard,logistic_regression,sigmoid,relative_log_loss,relative_delta_log_loss,250,250,1.0,71.0,34.0,,,,,,0.0,,,,,,,300.0,0.0,0.0,0.0,False,college_stress,,,,,results/stage2de/h3_college_stress_case.parquet
college_scorecard_2018,college_scorecard,logistic_regression,isotonic,relative_log_loss,relative_delta_log_loss,250,250,1.0,71.0,34.0,,,,,,0.0,,,,,,,300.0,0.0,0.0,0.0,False,college_stress,,,,,results/stage2de/h3_college_stress_case.parquet
college_scorecard_2018,college_scorecard,logistic_regression,jeffreys_smoothed_intercept_matching,relative_log_loss,relative_delta_log_loss,250,250,1.0,71.0,34.0,,,,,,0.0,,,,,,,300.0,0.0,0.0,0.0,False,college_stress,,,,,results/stage2de/h3_college_stress_case.parquet
college_scorecard_2018,college_scorecard,logistic_regression,intercept_only_mle,relative_log_loss,relative_delta_log_loss,500,500,1.0,71.0,34.0,,,,,,0.0,,,,,,,300.0,0.0,0.0,0.0,False,college_stress,,,,,results/stage2de/h3_college_stress_case.parquet
college_scorecard_2018,college_scorecard,logistic_regression,sigmoid,relative_log_loss,relative_delta_log_loss,500,500,1.0,71.0,34.0,,,,,,0.0,,,,,,,300.0,0.0,0.0,0.0,False,college_stress,,,,,results/stage2de/h3_college_stress_case.parquet
college_scorecard_2018,college_scorecard,logistic_regression,isotonic,relative_log_loss,relative_delta_log_loss,500,500,1.0,71.0,34.0,,,,,,0.0,,,,,,,300.0,0.0,0.0,0.0,False,college_stress,,,,,results/stage2de/h3_college_stress_case.parquet
college_scorecard_2018,college_scorecard,logistic_regression,jeffreys_smoothed_intercept_matching,relative_log_loss,relative_delta_log_loss,500,500,1.0,71.0,34.0,,,,,,0.0,,,,,,,300.0,0.0,0.0,0.0,False,college_stress,,,,,results/stage2de/h3_college_stress_case.parquet
college_scorecard_2018,college_scorecard,xgboost_cpu,intercept_only_mle,relative_log_loss,relative_delta_log_loss,25,25,0.2403846153846154,17.0,8.0,-0.04296564503603749,0.11365550297360313,-0.27787133463807834,0.0172375653700038,-0.5796841135722243,1.0,1.0,1.0,0.14,0.86,0.065,0.7166666666666667,600.0,600.0,600.0,600.0,True,college_stress,-0.04296564503603749,-0.04296564503603749,1.0,1.0,results/stage2de/h3_college_stress_case.parquet
college_scorecard_2018,college_scorecard,xgboost_cpu,sigmoid,relative_log_loss,relative_delta_log_loss,25,25,0.2403846153846154,17.0,8.0,-0.07288155687256523,0.13467746482428403,-0.4268759443659538,0.0215677830879595,-1.820462628848186,1.0,1.0,1.0,0.16,0.84,0.11666666666666667,0.7883333333333333,600.0,600.0,600.0,600.0,True,college_stress,-0.07288155687256523,-0.07288155687256523,1.0,1.0,results/stage2de/h3_college_stress_case.parquet
college_scorecard_2018,college_scorecard,xgboost_cpu,isotonic,relative_log_loss,relative_delta_log_loss,25,25,0.2403846153846154,17.0,8.0,-0.5389908582079341,0.9012298508910731,-2.1805820547120365,0.10638631048929453,-3.8216123724387234,1.0,0.9266666666666666,0.9266666666666666,0.11690647482014388,0.8830935251798561,0.11510791366906475,0.8794964028776978,600.0,600.0,556.0,556.0,True,college_stress,-0.5389908582079341,-0.5389908582079341,1.0,1.0,results/stage2de/h3_college_stress_case.parquet
college_scorecard_2018,college_scorecard,xgboost_cpu,jeffreys_smoothed_intercept_matching,relative_log_loss,relative_delta_log_loss,25,25,0.2403846153846154,17.0,8.0,-0.0388253345727727,0.1073442845341936,-0.2599057381663849,0.020448767512609732,-0.4751243096135435,1.0,1.0,1.0,0.14333333333333334,0.8566666666666667,0.075,0.7066666666666667,600.0,600.0,600.0,600.0,True,college_stress,-0.0388253345727727,-0.0388253345727727,1.0,1.0,results/stage2de/h3_college_stress_case.parquet
college_scorecard_2018,college_scorecard,xgboost_cpu,intercept_only_mle,relative_log_loss,relative_delta_log_loss,50,50,0.4807692307692308,34.0,16.0,-0.04092008431392476,0.09545955451233014,-0.19718081164504678,0.0016797840466927485,-0.34445019207333366,1.0,1.0,1.0,0.15833333333333333,0.8416666666666667,0.008333333333333333,0.6916666666666667,600.0,600.0,600.0,600.0,True,college_stress,-0.04092008431392476,-0.04092008431392476,1.0,1.0,results/stage2de/h3_college_stress_case.parquet
college_scorecard_2018,college_scorecard,xgboost_cpu,sigmoid,relative_log_loss,relative_delta_log_loss,50,50,0.4807692307692308,34.0,16.0,-0.04181638450286028,0.0737499030790292,-0.1786122045352172,0.023969737690062876,-0.5094956939078176,1.0,1.0,1.0,0.18166666666666667,0.8183333333333334,0.115,0.74,600.0,600.0,600.0,600.0,True,college_stress,-0.04181638450286028,-0.04181638450286028,1.0,1.0,results/stage2de/h3_college_stress_case.parquet
college_scorecard_2018,college_scorecard,xgboost_cpu,isotonic,relative_log_loss,relative_delta_log_loss,50,50,0.4807692307692308,34.0,16.0,-0.3449927438073497,0.32959680905913535,-1.0808179011435353,0.003451590818821215,-2.0985341343414587,1.0,1.0,1.0,0.055,0.945,0.03833333333333333,0.9416666666666667,600.0,600.0,600.0,600.0,True,college_stress,-0.3449927438073497,-0.3449927438073497,1.0,1.0,results/stage2de/h3_college_stress_case.parquet
college_scorecard_2018,college_scorecard,xgboost_cpu,jeffreys_smoothed_intercept_matching,relative_log_loss,relative_delta_log_loss,50,50,0.4807692307692308,34.0,16.0,-0.03850675332620378,0.09389514118650444,-0.19629099982876191,0.0018875264460263426,-0.31694934065304403,1.0,1.0,1.0,0.18,0.82,0.013333333333333334,0.675,600.0,600.0,600.0,600.0,True,college_stress,-0.03850675332620378,-0.03850675332620378,1.0,1.0,results/stage2de/h3_college_stress_case.parquet
college_scorecard_2018,college_scorecard,xgboost_cpu,intercept_only_mle,relative_log_loss,relative_delta_log_loss,100,100,0.9615384615384616,68.0,32.0,-0.052822289231433076,0.09788273942079241,-0.11016884464290169,0.0019021893226154607,-0.11628890891169452,1.0,1.0,1.0,0.315,0.685,0.0,0.6666666666666666,600.0,600.0,600.0,600.0,True,college_stress,-0.052822289231433076,-0.052822289231433076,1.0,1.0,results/stage2de/h3_college_stress_case.parquet
college_scorecard_2018,college_scorecard,xgboost_cpu,sigmoid,relative_log_loss,relative_delta_log_loss,100,100,0.9615384615384616,68.0,32.0,-0.03869511055138753,0.054195472494727566,-0.07799813039038966,0.005594979047298293,-0.09012558181267633,1.0,1.0,1.0,0.18833333333333332,0.8116666666666666,0.005,0.6933333333333334,600.0,600.0,600.0,600.0,True,college_stress,-0.03869511055138753,-0.03869511055138753,1.0,1.0,results/stage2de/h3_college_stress_case.parquet
college_scorecard_2018,college_scorecard,xgboost_cpu,isotonic,relative_log_loss,relative_delta_log_loss,100,100,0.9615384615384616,68.0,32.0,-0.26660929256091925,0.20326980873779346,-0.3950473416246984,-0.06957572971309142,-0.4793887835979118,1.0,1.0,1.0,0.0,1.0,0.0,1.0,600.0,600.0,600.0,600.0,True,college_stress,-0.26660929256091925,-0.26660929256091925,1.0,1.0,results/stage2de/h3_college_stress_case.parquet
college_scorecard_2018,college_scorecard,xgboost_cpu,jeffreys_smoothed_intercept_matching,relative_log_loss,relative_delta_log_loss,100,100,0.9615384615384616,68.0,32.0,-0.049358919537061036,0.09873248638732662,-0.11096478281464606,0.001957141970966282,-0.11710396497363165,1.0,1.0,1.0,0.3233333333333333,0.6766666666666666,0.0,0.6666666666666666,600.0,600.0,600.0,600.0,True,college_stress,-0.049358919537061036,-0.049358919537061036,1.0,1.0,results/stage2de/h3_college_stress_case.parquet
college_scorecard_2018,college_scorecard,xgboost_cpu,intercept_only_mle,relative_log_loss,relative_delta_log_loss,250,250,1.0,71.0,34.0,,,,,,0.0,,,,,,,600.0,0.0,0.0,0.0,False,college_stress,,,,,results/stage2de/h3_college_stress_case.parquet
college_scorecard_2018,college_scorecard,xgboost_cpu,sigmoid,relative_log_loss,relative_delta_log_loss,250,250,1.0,71.0,34.0,,,,,,0.0,,,,,,,600.0,0.0,0.0,0.0,False,college_stress,,,,,results/stage2de/h3_college_stress_case.parquet
college_scorecard_2018,college_scorecard,xgboost_cpu,isotonic,relative_log_loss,relative_delta_log_loss,250,250,1.0,71.0,34.0,,,,,,0.0,,,,,,,600.0,0.0,0.0,0.0,False,college_stress,,,,,results/stage2de/h3_college_stress_case.parquet
college_scorecard_2018,college_scorecard,xgboost_cpu,jeffreys_smoothed_intercept_matching,relative_log_loss,relative_delta_log_loss,250,250,1.0,71.0,34.0,,,,,,0.0,,,,,,,600.0,0.0,0.0,0.0,False,college_stress,,,,,results/stage2de/h3_college_stress_case.parquet
college_scorecard_2018,college_scorecard,xgboost_cpu,intercept_only_mle,relative_log_loss,relative_delta_log_loss,500,500,1.0,71.0,34.0,,,,,,0.0,,,,,,,600.0,0.0,0.0,0.0,False,college_stress,,,,,results/stage2de/h3_college_stress_case.parquet
college_scorecard_2018,college_scorecard,xgboost_cpu,sigmoid,relative_log_loss,relative_delta_log_loss,500,500,1.0,71.0,34.0,,,,,,0.0,,,,,,,600.0,0.0,0.0,0.0,False,college_stress,,,,,results/stage2de/h3_college_stress_case.parquet
college_scorecard_2018,college_scorecard,xgboost_cpu,isotonic,relative_log_loss,relative_delta_log_loss,500,500,1.0,71.0,34.0,,,,,,0.0,,,,,,,600.0,0.0,0.0,0.0,False,college_stress,,,,,results/stage2de/h3_college_stress_case.parquet
college_scorecard_2018,college_scorecard,xgboost_cpu,jeffreys_smoothed_intercept_matching,relative_log_loss,relative_delta_log_loss,500,500,1.0,71.0,34.0,,,,,,0.0,,,,,,,600.0,0.0,0.0,0.0,False,college_stress,,,,,results/stage2de/h3_college_stress_case.parquet
college_scorecard_2018,college_scorecard,logistic_regression,intercept_only_mle,brier_skill,delta_brier_skill,25,25,0.2403846153846154,17.0,8.0,-0.03295429885475187,0.16776976105694535,-0.5330197767421223,0.04090380043568364,-1.0411659929389008,1.0,1.0,1.0,0.30333333333333334,0.6966666666666667,0.2633333333333333,0.65,300.0,300.0,300.0,300.0,True,college_stress,-0.03295429885475187,-0.03295429885475187,1.0,1.0,results/stage2de/h3_college_stress_case.parquet
college_scorecard_2018,college_scorecard,logistic_regression,sigmoid,brier_skill,delta_brier_skill,25,25,0.2403846153846154,17.0,8.0,-0.04192797042003382,0.12465943556455725,-0.29557023909345825,0.06556455117193109,-0.4414194226694721,1.0,1.0,1.0,0.30333333333333334,0.6966666666666667,0.2733333333333333,0.6833333333333333,300.0,300.0,300.0,300.0,True,college_stress,-0.04192797042003382,-0.04192797042003382,1.0,1.0,results/stage2de/h3_college_stress_case.parquet
college_scorecard_2018,college_scorecard,logistic_regression,isotonic,brier_skill,delta_brier_skill,25,25,0.2403846153846154,17.0,8.0,-0.04038091253419318,0.12455414705858586,-0.22380459016784882,0.09516938827327469,-0.5650570336829885,1.0,0.9266666666666666,0.9266666666666666,0.3669064748201439,0.6330935251798561,0.35251798561151076,0.6223021582733813,300.0,300.0,278.0,278.0,True,college_stress,-0.04038091253419318,-0.04038091253419318,1.0,1.0,results/stage2de/h3_college_stress_case.parquet
college_scorecard_2018,college_scorecard,logistic_regression,jeffreys_smoothed_intercept_matching,brier_skill,delta_brier_skill,25,25,0.2403846153846154,17.0,8.0,-0.02857176238122583,0.173022205181191,-0.5305528053562265,0.04284584654329125,-1.0216965708310475,1.0,1.0,1.0,0.35333333333333333,0.6466666666666666,0.2866666666666667,0.62,300.0,300.0,300.0,300.0,True,college_stress,-0.02857176238122583,-0.02857176238122583,1.0,1.0,results/stage2de/h3_college_stress_case.parquet
college_scorecard_2018,college_scorecard,logistic_regression,intercept_only_mle,brier_skill,delta_brier_skill,50,50,0.4807692307692308,34.0,16.0,-0.008414661598043383,0.20935535396979585,-0.4599225654773111,0.03925573284719531,-0.6787545468980867,1.0,1.0,1.0,0.45666666666666667,0.5433333333333333,0.4166666666666667,0.5133333333333333,300.0,300.0,300.0,300.0,True,college_stress,-0.008414661598043383,-0.008414661598043383,1.0,1.0,results/stage2de/h3_college_stress_case.parquet
college_scorecard_2018,college_scorecard,logistic_regression,sigmoid,brier_skill,delta_brier_skill,50,50,0.4807692307692308,34.0,16.0,-0.008805707503387494,0.07956882048433433,-0.17482142377144003,0.03969879460883984,-0.2695670391507565,1.0,1.0,1.0,0.41333333333333333,0.5866666666666667,0.37333333333333335,0.56,300.0,300.0,300.0,300.0,True,college_stress,-0.008805707503387494,-0.008805707503387494,1.0,1.0,results/stage2de/h3_college_stress_case.parquet
college_scorecard_2018,college_scorecard,logistic_regression,isotonic,brier_skill,delta_brier_skill,50,50,0.4807692307692308,34.0,16.0,9.425739216362139e-06,0.0832852037235759,-0.12656898765914398,0.09285750948276865,-0.30889488659736597,1.0,1.0,1.0,0.5,0.5,0.47,0.47333333333333333,300.0,300.0,300.0,300.0,True,college_stress,9.425739216362139e-06,9.425739216362139e-06,1.0,1.0,results/stage2de/h3_college_stress_case.parquet
college_scorecard_2018,college_scorecard,logistic_regression,jeffreys_smoothed_intercept_matching,brier_skill,delta_brier_skill,50,50,0.4807692307692308,34.0,16.0,-0.007286457601272889,0.20648884254942812,-0.4589225795677619,0.04107670873323139,-0.6771856905177831,1.0,1.0,1.0,0.47,0.53,0.42333333333333334,0.51,300.0,300.0,300.0,300.0,True,college_stress,-0.007286457601272889,-0.007286457601272889,1.0,1.0,results/stage2de/h3_college_stress_case.parquet
college_scorecard_2018,college_scorecard,logistic_regression,intercept_only_mle,brier_skill,delta_brier_skill,100,100,0.9615384615384616,68.0,32.0,0.005844563405158154,0.2699138612703167,-0.2886766185860418,0.013975913544021902,-0.29752124182782014,1.0,1.0,1.0,0.5966666666666667,0.4033333333333333,0.5166666666666667,0.37333333333333335,300.0,300.0,300.0,300.0,True,college_stress,0.005844563405158154,0.005844563405158154,1.0,1.0,results/stage2de/h3_college_stress_case.parquet
college_scorecard_2018,college_scorecard,logistic_regression,sigmoid,brier_skill,delta_brier_skill,100,100,0.9615384615384616,68.0,32.0,-0.00435261208672566,0.0702581048175753,-0.06687304792583126,0.023810150688808072,-0.06951033180772592,1.0,1.0,1.0,0.42,0.58,0.39666666666666667,0.4866666666666667,300.0,300.0,300.0,300.0,True,college_stress,-0.00435261208672566,-0.00435261208672566,1.0,1.0,results/stage2de/h3_college_stress_case.parquet
college_scorecard_2018,college_scorecard,logistic_regression,isotonic,brier_skill,delta_brier_skill,100,100,0.9615384615384616,68.0,32.0,0.016621491583412862,0.010463697894535606,-0.00380068738558007,0.029369486559705393,-0.03187001825279134,1.0,1.0,1.0,0.9,0.1,0.85,0.043333333333333335,300.0,300.0,300.0,300.0,True,college_stress,0.016621491583412862,0.016621491583412862,1.0,1.0,results/stage2de/h3_college_stress_case.parquet
college_scorecard_2018,college_scorecard,logistic_regression,jeffreys_smoothed_intercept_matching,brier_skill,delta_brier_skill,100,100,0.9615384615384616,68.0,32.0,0.008151204768091724,0.27183707408288715,-0.29025326091306336,0.015793397587410885,-0.29910216390758704,1.0,1.0,1.0,0.6133333333333333,0.38666666666666666,0.5666666666666667,0.3566666666666667,300.0,300.0,300.0,300.0,True,college_stress,0.008151204768091724,0.008151204768091724,1.0,1.0,results/stage2de/h3_college_stress_case.parquet
college_scorecard_2018,college_scorecard,logistic_regression,intercept_only_mle,brier_skill,delta_brier_skill,250,250,1.0,71.0,34.0,,,,,,0.0,,,,,,,300.0,0.0,0.0,0.0,False,college_stress,,,,,results/stage2de/h3_college_stress_case.parquet
college_scorecard_2018,college_scorecard,logistic_regression,sigmoid,brier_skill,delta_brier_skill,250,250,1.0,71.0,34.0,,,,,,0.0,,,,,,,300.0,0.0,0.0,0.0,False,college_stress,,,,,results/stage2de/h3_college_stress_case.parquet
college_scorecard_2018,college_scorecard,logistic_regression,isotonic,brier_skill,delta_brier_skill,250,250,1.0,71.0,34.0,,,,,,0.0,,,,,,,300.0,0.0,0.0,0.0,False,college_stress,,,,,results/stage2de/h3_college_stress_case.parquet
college_scorecard_2018,college_scorecard,logistic_regression,jeffreys_smoothed_intercept_matching,brier_skill,delta_brier_skill,250,250,1.0,71.0,34.0,,,,,,0.0,,,,,,,300.0,0.0,0.0,0.0,False,college_stress,,,,,results/stage2de/h3_college_stress_case.parquet
college_scorecard_2018,college_scorecard,logistic_regression,intercept_only_mle,brier_skill,delta_brier_skill,500,500,1.0,71.0,34.0,,,,,,0.0,,,,,,,300.0,0.0,0.0,0.0,False,college_stress,,,,,results/stage2de/h3_college_stress_case.parquet
college_scorecard_2018,college_scorecard,logistic_regression,sigmoid,brier_skill,delta_brier_skill,500,500,1.0,71.0,34.0,,,,,,0.0,,,,,,,300.0,0.0,0.0,0.0,False,college_stress,,,,,results/stage2de/h3_college_stress_case.parquet
college_scorecard_2018,college_scorecard,logistic_regression,isotonic,brier_skill,delta_brier_skill,500,500,1.0,71.0,34.0,,,,,,0.0,,,,,,,300.0,0.0,0.0,0.0,False,college_stress,,,,,results/stage2de/h3_college_stress_case.parquet
college_scorecard_2018,college_scorecard,logistic_regression,jeffreys_smoothed_intercept_matching,brier_skill,delta_brier_skill,500,500,1.0,71.0,34.0,,,,,,0.0,,,,,,,300.0,0.0,0.0,0.0,False,college_stress,,,,,results/stage2de/h3_college_stress_case.parquet
college_scorecard_2018,college_scorecard,xgboost_cpu,intercept_only_mle,brier_skill,delta_brier_skill,25,25,0.2403846153846154,17.0,8.0,-0.040504493258003704,0.10890540385314276,-0.2679604299604865,0.0146885256241853,-0.4910537341531408,1.0,1.0,1.0,0.15833333333333333,0.8416666666666667,0.07333333333333333,0.76,600.0,600.0,600.0,600.0,True,college_stress,-0.040504493258003704,-0.040504493258003704,1.0,1.0,results/stage2de/h3_college_stress_case.parquet
college_scorecard_2018,college_scorecard,xgboost_cpu,sigmoid,brier_skill,delta_brier_skill,25,25,0.2403846153846154,17.0,8.0,-0.06702163397985222,0.12352209787106386,-0.3234682162840913,0.006246677993362221,-0.6317599838363261,1.0,1.0,1.0,0.10166666666666667,0.8983333333333333,0.06166666666666667,0.865,600.0,600.0,600.0,600.0,True,college_stress,-0.06702163397985222,-0.06702163397985222,1.0,1.0,results/stage2de/h3_college_stress_case.parquet
college_scorecard_2018,college_scorecard,xgboost_cpu,isotonic,brier_skill,delta_brier_skill,25,25,0.2403846153846154,17.0,8.0,-0.10397444132302769,0.12955780867424144,-0.3424181470950368,0.017991156773138367,-0.7446945595651198,1.0,0.9266666666666666,0.9266666666666666,0.08992805755395683,0.9100719424460432,0.08453237410071943,0.8974820143884892,600.0,600.0,556.0,556.0,True,college_stress,-0.10397444132302769,-0.10397444132302769,1.0,1.0,results/stage2de/h3_college_stress_case.parquet
college_scorecard_2018,college_scorecard,xgboost_cpu,jeffreys_smoothed_intercept_matching,brier_skill,delta_brier_skill,25,25,0.2403846153846154,17.0,8.0,-0.0346152753173235,0.0940304226791211,-0.2540732941364235,0.0160442089313315,-0.4797246072128404,1.0,1.0,1.0,0.165,0.835,0.08333333333333333,0.7516666666666667,600.0,600.0,600.0,600.0,True,college_stress,-0.0346152753173235,-0.0346152753173235,1.0,1.0,results/stage2de/h3_college_stress_case.parquet
college_scorecard_2018,college_scorecard,xgboost_cpu,intercept_only_mle,brier_skill,delta_brier_skill,50,50,0.4807692307692308,34.0,16.0,-0.03747590293421543,0.08962590416978597,-0.19998296774158952,0.0023527748310356697,-0.3106323059150965,1.0,1.0,1.0,0.175,0.825,0.015,0.725,600.0,600.0,600.0,600.0,True,college_stress,-0.03747590293421543,-0.03747590293421543,1.0,1.0,results/stage2de/h3_college_stress_case.parquet
college_scorecard_2018,college_scorecard,xgboost_cpu,sigmoid,brier_skill,delta_brier_skill,50,50,0.4807692307692308,34.0,16.0,-0.04533207428960501,0.08778497150764025,-0.20423130600443462,0.005375129087230686,-0.40289246924798805,1.0,1.0,1.0,0.11666666666666667,0.8833333333333333,0.058333333333333334,0.8216666666666667,600.0,600.0,600.0,600.0,True,college_stress,-0.04533207428960501,-0.04533207428960501,1.0,1.0,results/stage2de/h3_college_stress_case.parquet
college_scorecard_2018,college_scorecard,xgboost_cpu,isotonic,brier_skill,delta_brier_skill,50,50,0.4807692307692308,34.0,16.0,-0.07360651605960444,0.08873828920528559,-0.23406560330328186,0.001001356831693966,-0.5061641205534659,1.0,1.0,1.0,0.056666666666666664,0.9433333333333334,0.043333333333333335,0.9266666666666666,600.0,600.0,600.0,600.0,True,college_stress,-0.07360651605960444,-0.07360651605960444,1.0,1.0,results/stage2de/h3_college_stress_case.parquet
college_scorecard_2018,college_scorecard,xgboost_cpu,jeffreys_smoothed_intercept_matching,brier_skill,delta_brier_skill,50,50,0.4807692307692308,34.0,16.0,-0.03436466445315478,0.09069579737099187,-0.20030623167966466,0.002585820548596889,-0.309693095475135,1.0,1.0,1.0,0.195,0.805,0.025,0.7116666666666667,600.0,600.0,600.0,600.0,True,college_stress,-0.03436466445315478,-0.03436466445315478,1.0,1.0,results/stage2de/h3_college_stress_case.parquet
college_scorecard_2018,college_scorecard,xgboost_cpu,intercept_only_mle,brier_skill,delta_brier_skill,100,100,0.9615384615384616,68.0,32.0,-0.04364937619519388,0.10195183927460624,-0.11619486714781185,0.002582286200118899,-0.12297611986056511,1.0,1.0,1.0,0.315,0.685,0.0,0.6666666666666666,600.0,600.0,600.0,600.0,True,college_stress,-0.04364937619519388,-0.04364937619519388,1.0,1.0,results/stage2de/h3_college_stress_case.parquet
college_scorecard_2018,college_scorecard,xgboost_cpu,sigmoid,brier_skill,delta_brier_skill,100,100,0.9615384615384616,68.0,32.0,-0.06754014100754491,0.08405812899404647,-0.09715347078346548,0.002879631772462437,-0.10653988346257948,1.0,1.0,1.0,0.22,0.78,0.0,0.6783333333333333,600.0,600.0,600.0,600.0,True,college_stress,-0.06754014100754491,-0.06754014100754491,1.0,1.0,results/stage2de/h3_college_stress_case.parquet
college_scorecard_2018,college_scorecard,xgboost_cpu,isotonic,brier_skill,delta_brier_skill,100,100,0.9615384615384616,68.0,32.0,-0.06746388169955181,0.08160876181478,-0.12015341520825706,0.0033703582664361175,-0.1322679712438697,1.0,1.0,1.0,0.07666666666666666,0.9233333333333333,0.03833333333333333,0.8866666666666667,600.0,600.0,600.0,600.0,True,college_stress,-0.06746388169955181,-0.06746388169955181,1.0,1.0,results/stage2de/h3_college_stress_case.parquet
college_scorecard_2018,college_scorecard,xgboost_cpu,jeffreys_smoothed_intercept_matching,brier_skill,delta_brier_skill,100,100,0.9615384615384616,68.0,32.0,-0.040613311627828,0.10307195866734933,-0.11706711134069911,0.0026353992280406854,-0.1238713844613043,1.0,1.0,1.0,0.325,0.675,0.0,0.6666666666666666,600.0,600.0,600.0,600.0,True,college_stress,-0.040613311627828,-0.040613311627828,1.0,1.0,results/stage2de/h3_college_stress_case.parquet
college_scorecard_2018,college_scorecard,xgboost_cpu,intercept_only_mle,brier_skill,delta_brier_skill,250,250,1.0,71.0,34.0,,,,,,0.0,,,,,,,600.0,0.0,0.0,0.0,False,college_stress,,,,,results/stage2de/h3_college_stress_case.parquet
college_scorecard_2018,college_scorecard,xgboost_cpu,sigmoid,brier_skill,delta_brier_skill,250,250,1.0,71.0,34.0,,,,,,0.0,,,,,,,600.0,0.0,0.0,0.0,False,college_stress,,,,,results/stage2de/h3_college_stress_case.parquet
college_scorecard_2018,college_scorecard,xgboost_cpu,isotonic,brier_skill,delta_brier_skill,250,250,1.0,71.0,34.0,,,,,,0.0,,,,,,,600.0,0.0,0.0,0.0,False,college_stress,,,,,results/stage2de/h3_college_stress_case.parquet
college_scorecard_2018,college_scorecard,xgboost_cpu,jeffreys_smoothed_intercept_matching,brier_skill,delta_brier_skill,250,250,1.0,71.0,34.0,,,,,,0.0,,,,,,,600.0,0.0,0.0,0.0,False,college_stress,,,,,results/stage2de/h3_college_stress_case.parquet
college_scorecard_2018,college_scorecard,xgboost_cpu,intercept_only_mle,brier_skill,delta_brier_skill,500,500,1.0,71.0,34.0,,,,,,0.0,,,,,,,600.0,0.0,0.0,0.0,False,college_stress,,,,,results/stage2de/h3_college_stress_case.parquet
college_scorecard_2018,college_scorecard,xgboost_cpu,sigmoid,brier_skill,delta_brier_skill,500,500,1.0,71.0,34.0,,,,,,0.0,,,,,,,600.0,0.0,0.0,0.0,False,college_stress,,,,,results/stage2de/h3_college_stress_case.parquet
college_scorecard_2018,college_scorecard,xgboost_cpu,isotonic,brier_skill,delta_brier_skill,500,500,1.0,71.0,34.0,,,,,,0.0,,,,,,,600.0,0.0,0.0,0.0,False,college_stress,,,,,results/stage2de/h3_college_stress_case.parquet
college_scorecard_2018,college_scorecard,xgboost_cpu,jeffreys_smoothed_intercept_matching,brier_skill,delta_brier_skill,500,500,1.0,71.0,34.0,,,,,,0.0,,,,,,,600.0,0.0,0.0,0.0,False,college_stress,,,,,results/stage2de/h3_college_stress_case.parquet
college_scorecard_2018,college_scorecard,logistic_regression,intercept_only_mle,abs_calibration_intercept,delta_abs_calibration_intercept,25,25,0.2403846153846154,17.0,8.0,-0.04182513065757662,0.10213521468846393,-0.3230834078419258,0.10678981817433365,-0.4879409117799562,1.0,1.0,1.0,0.23,0.77,0.23,0.77,300.0,300.0,300.0,300.0,True,college_stress,-0.04182513065757662,-0.04182513065757662,1.0,1.0,results/stage2de/h3_college_stress_case.parquet
college_scorecard_2018,college_scorecard,logistic_regression,sigmoid,abs_calibration_intercept,delta_abs_calibration_intercept,25,25,0.2403846153846154,17.0,8.0,-0.14027243903712872,0.44186159955609144,-1.832279410087605,0.1983884313718404,-41.427612965405565,1.0,1.0,1.0,0.26666666666666666,0.7333333333333333,0.26666666666666666,0.7333333333333333,300.0,300.0,300.0,300.0,True,college_stress,-0.14027243903712872,-0.14027243903712872,1.0,1.0,results/stage2de/h3_college_stress_case.parquet
college_scorecard_2018,college_scorecard,logistic_regression,isotonic,abs_calibration_intercept,delta_abs_calibration_intercept,25,25,0.2403846153846154,17.0,8.0,0.00014966876638433657,0.11551327321061597,-0.22153096772957595,0.3198586276234141,-0.5740491687291722,1.0,0.9266666666666666,0.9266666666666666,0.5,0.5,0.5,0.5,300.0,300.0,278.0,278.0,True,college_stress,0.00014966876638433657,0.00014966876638433657,1.0,1.0,results/stage2de/h3_college_stress_case.parquet
college_scorecard_2018,college_scorecard,logistic_regression,jeffreys_smoothed_intercept_matching,abs_calibration_intercept,delta_abs_calibration_intercept,25,25,0.2403846153846154,17.0,8.0,-0.04441549908985243,0.10029925256808946,-0.3251011500305479,0.08459196479003138,-0.4868733602016269,1.0,1.0,1.0,0.18,0.82,0.18,0.82,300.0,300.0,300.0,300.0,True,college_stress,-0.04441549908985243,-0.04441549908985243,1.0,1.0,results/stage2de/h3_college_stress_case.parquet
college_scorecard_2018,college_scorecard,logistic_regression,intercept_only_mle,abs_calibration_intercept,delta_abs_calibration_intercept,50,50,0.4807692307692308,34.0,16.0,-0.04092118198764283,0.091315205838915,-0.25516603821543354,0.04233229478618822,-0.37650253436768405,1.0,1.0,1.0,0.15666666666666668,0.8433333333333334,0.15666666666666668,0.8433333333333334,300.0,300.0,300.0,300.0,True,college_stress,-0.04092118198764283,-0.04092118198764283,1.0,1.0,results/stage2de/h3_college_stress_case.parquet
college_scorecard_2018,college_scorecard,logistic_regression,sigmoid,abs_calibration_intercept,delta_abs_calibration_intercept,50,50,0.4807692307692308,34.0,16.0,-0.1496295621569359,0.341603019645828,-3.757955574922207,0.17604948604970236,-68.30575006385352,1.0,1.0,1.0,0.24666666666666667,0.7533333333333333,0.24666666666666667,0.7533333333333333,300.0,300.0,300.0,300.0,True,college_stress,-0.1496295621569359,-0.1496295621569359,1.0,1.0,results/stage2de/h3_college_stress_case.parquet
college_scorecard_2018,college_scorecard,logistic_regression,isotonic,abs_calibration_intercept,delta_abs_calibration_intercept,50,50,0.4807692307692308,34.0,16.0,0.008679512049105609,0.09620172071791079,-0.11272150741026567,0.3076176454260959,-0.42165467763877307,1.0,1.0,1.0,0.55,0.45,0.55,0.45,300.0,300.0,300.0,300.0,True,college_stress,0.008679512049105609,0.008679512049105609,1.0,1.0,results/stage2de/h3_college_stress_case.parquet
college_scorecard_2018,college_scorecard,logistic_regression,jeffreys_smoothed_intercept_matching,abs_calibration_intercept,delta_abs_calibration_intercept,50,50,0.4807692307692308,34.0,16.0,-0.04141932330193582,0.09748743851446384,-0.2610124163360544,0.03536245756823413,-0.38043512602851287,1.0,1.0,1.0,0.13666666666666666,0.8633333333333333,0.13666666666666666,0.8633333333333333,300.0,300.0,300.0,300.0,True,college_stress,-0.04141932330193582,-0.04141932330193582,1.0,1.0,results/stage2de/h3_college_stress_case.parquet
college_scorecard_2018,college_scorecard,logistic_regression,intercept_only_mle,abs_calibration_intercept,delta_abs_calibration_intercept,100,100,0.9615384615384616,68.0,32.0,-0.0392236855311614,0.14451641699977835,-0.18829833981659413,0.002856627930108596,-0.20976697591928561,1.0,1.0,1.0,0.07,0.93,0.07,0.93,300.0,300.0,300.0,300.0,True,college_stress,-0.0392236855311614,-0.0392236855311614,1.0,1.0,results/stage2de/h3_college_stress_case.parquet
college_scorecard_2018,college_scorecard,logistic_regression,sigmoid,abs_calibration_intercept,delta_abs_calibration_intercept,100,100,0.9615384615384616,68.0,32.0,-0.15319776772334515,1.0070322785923387,-2.59450573928203,-0.03725667311116388,-55.92823637474879,1.0,1.0,1.0,0.0,1.0,0.0,1.0,300.0,300.0,300.0,300.0,True,college_stress,-0.15319776772334515,-0.15319776772334515,1.0,1.0,results/stage2de/h3_college_stress_case.parquet
college_scorecard_2018,college_scorecard,logistic_regression,isotonic,abs_calibration_intercept,delta_abs_calibration_intercept,100,100,0.9615384615384616,68.0,32.0,0.04906431974294967,0.09969711542209814,-0.055945566954356984,0.056117241759540366,-0.0759606644598167,1.0,1.0,1.0,0.6566666666666666,0.3433333333333333,0.6566666666666666,0.3433333333333333,300.0,300.0,300.0,300.0,True,college_stress,0.04906431974294967,0.04906431974294967,1.0,1.0,results/stage2de/h3_college_stress_case.parquet
college_scorecard_2018,college_scorecard,logistic_regression,jeffreys_smoothed_intercept_matching,abs_calibration_intercept,delta_abs_calibration_intercept,100,100,0.9615384615384616,68.0,32.0,-0.03934809168495679,0.14600192512178495,-0.19187672035925027,0.00039301016803384086,-0.21328242801160957,1.0,1.0,1.0,0.05333333333333334,0.9466666666666667,0.05333333333333334,0.9466666666666667,300.0,300.0,300.0,300.0,True,college_stress,-0.03934809168495679,-0.03934809168495679,1.0,1.0,results/stage2de/h3_college_stress_case.parquet
college_scorecard_2018,college_scorecard,logistic_regression,intercept_only_mle,abs_calibration_intercept,delta_abs_calibration_intercept,250,250,1.0,71.0,34.0,,,,,,0.0,,,,,,,300.0,0.0,0.0,0.0,False,college_stress,,,,,results/stage2de/h3_college_stress_case.parquet
college_scorecard_2018,college_scorecard,logistic_regression,sigmoid,abs_calibration_intercept,delta_abs_calibration_intercept,250,250,1.0,71.0,34.0,,,,,,0.0,,,,,,,300.0,0.0,0.0,0.0,False,college_stress,,,,,results/stage2de/h3_college_stress_case.parquet
college_scorecard_2018,college_scorecard,logistic_regression,isotonic,abs_calibration_intercept,delta_abs_calibration_intercept,250,250,1.0,71.0,34.0,,,,,,0.0,,,,,,,300.0,0.0,0.0,0.0,False,college_stress,,,,,results/stage2de/h3_college_stress_case.parquet
college_scorecard_2018,college_scorecard,logistic_regression,jeffreys_smoothed_intercept_matching,abs_calibration_intercept,delta_abs_calibration_intercept,250,250,1.0,71.0,34.0,,,,,,0.0,,,,,,,300.0,0.0,0.0,0.0,False,college_stress,,,,,results/stage2de/h3_college_stress_case.parquet
college_scorecard_2018,college_scorecard,logistic_regression,intercept_only_mle,abs_calibration_intercept,delta_abs_calibration_intercept,500,500,1.0,71.0,34.0,,,,,,0.0,,,,,,,300.0,0.0,0.0,0.0,False,college_stress,,,,,results/stage2de/h3_college_stress_case.parquet
college_scorecard_2018,college_scorecard,logistic_regression,sigmoid,abs_calibration_intercept,delta_abs_calibration_intercept,500,500,1.0,71.0,34.0,,,,,,0.0,,,,,,,300.0,0.0,0.0,0.0,False,college_stress,,,,,results/stage2de/h3_college_stress_case.parquet
college_scorecard_2018,college_scorecard,logistic_regression,isotonic,abs_calibration_intercept,delta_abs_calibration_intercept,500,500,1.0,71.0,34.0,,,,,,0.0,,,,,,,300.0,0.0,0.0,0.0,False,college_stress,,,,,results/stage2de/h3_college_stress_case.parquet
college_scorecard_2018,college_scorecard,logistic_regression,jeffreys_smoothed_intercept_matching,abs_calibration_intercept,delta_abs_calibration_intercept,500,500,1.0,71.0,34.0,,,,,,0.0,,,,,,,300.0,0.0,0.0,0.0,False,college_stress,,,,,results/stage2de/h3_college_stress_case.parquet
college_scorecard_2018,college_scorecard,xgboost_cpu,intercept_only_mle,abs_calibration_intercept,delta_abs_calibration_intercept,25,25,0.2403846153846154,17.0,8.0,-0.21357742299757254,0.3618059278797916,-0.6691473375308974,0.1406761342856561,-1.2137598724026106,1.0,1.0,1.0,0.19666666666666666,0.8033333333333333,0.19666666666666666,0.8033333333333333,600.0,600.0,600.0,600.0,True,college_stress,-0.21357742299757254,-0.21357742299757254,1.0,1.0,results/stage2de/h3_college_stress_case.parquet
college_scorecard_2018,college_scorecard,xgboost_cpu,sigmoid,abs_calibration_intercept,delta_abs_calibration_intercept,25,25,0.2403846153846154,17.0,8.0,-0.28108080551798564,0.4924966233664376,-3.118020512394847,0.1610202877507979,-46.722886916069754,1.0,1.0,1.0,0.18833333333333332,0.8116666666666666,0.18833333333333332,0.8116666666666666,600.0,600.0,600.0,600.0,True,college_stress,-0.28108080551798564,-0.28108080551798564,1.0,1.0,results/stage2de/h3_college_stress_case.parquet
college_scorecard_2018,college_scorecard,xgboost_cpu,isotonic,abs_calibration_intercept,delta_abs_calibration_intercept,25,25,0.2403846153846154,17.0,8.0,0.019874517699257258,0.32933060534213754,-0.39125131868407104,0.3663606275997947,-0.8466108629807656,1.0,0.9266666666666666,0.9266666666666666,0.5377697841726619,0.46223021582733814,0.5377697841726619,0.46223021582733814,600.0,600.0,556.0,556.0,True,college_stress,0.019874517699257258,0.019874517699257258,1.0,1.0,results/stage2de/h3_college_stress_case.parquet
college_scorecard_2018,college_scorecard,xgboost_cpu,jeffreys_smoothed_intercept_matching,abs_calibration_intercept,delta_abs_calibration_intercept,25,25,0.2403846153846154,17.0,8.0,-0.21134160697820967,0.34523176148582596,-0.631440487258143,0.14639580586502665,-1.0616355073296075,1.0,1.0,1.0,0.19833333333333333,0.8016666666666666,0.19833333333333333,0.8016666666666666,600.0,600.0,600.0,600.0,True,college_stress,-0.21134160697820967,-0.21134160697820967,1.0,1.0,results/stage2de/h3_college_stress_case.parquet
college_scorecard_2018,college_scorecard,xgboost_cpu,intercept_only_mle,abs_calibration_intercept,delta_abs_calibration_intercept,50,50,0.4807692307692308,34.0,16.0,-0.20512966375291614,0.29067424907734396,-0.5289243850953326,0.1019522436889082,-0.8581029038818556,1.0,1.0,1.0,0.14833333333333334,0.8516666666666667,0.14833333333333334,0.8516666666666667,600.0,600.0,600.0,600.0,True,college_stress,-0.20512966375291614,-0.20512966375291614,1.0,1.0,results/stage2de/h3_college_stress_case.parquet
college_scorecard_2018,college_scorecard,xgboost_cpu,sigmoid,abs_calibration_intercept,delta_abs_calibration_intercept,50,50,0.4807692307692308,34.0,16.0,-0.23235839740809627,0.41241262081120067,-1.418589119369147,0.1486151156406731,-6.002841013055849,1.0,1.0,1.0,0.19666666666666666,0.8033333333333333,0.19666666666666666,0.8033333333333333,600.0,600.0,600.0,600.0,True,college_stress,-0.23235839740809627,-0.23235839740809627,1.0,1.0,results/stage2de/h3_college_stress_case.parquet
college_scorecard_2018,college_scorecard,xgboost_cpu,isotonic,abs_calibration_intercept,delta_abs_calibration_intercept,50,50,0.4807692307692308,34.0,16.0,0.04171227823387359,0.29472971015438454,-0.30413483946949005,0.19791764335889445,-0.48634840968533033,1.0,1.0,1.0,0.6083333333333333,0.39166666666666666,0.6083333333333333,0.39166666666666666,600.0,600.0,600.0,600.0,True,college_stress,0.04171227823387359,0.04171227823387359,1.0,1.0,results/stage2de/h3_college_stress_case.parquet
college_scorecard_2018,college_scorecard,xgboost_cpu,jeffreys_smoothed_intercept_matching,abs_calibration_intercept,delta_abs_calibration_intercept,50,50,0.4807692307692308,34.0,16.0,-0.20292101782017233,0.2880328411634641,-0.52341100893957,0.09592035652498095,-0.8101689199693045,1.0,1.0,1.0,0.145,0.855,0.145,0.855,600.0,600.0,600.0,600.0,True,college_stress,-0.20292101782017233,-0.20292101782017233,1.0,1.0,results/stage2de/h3_college_stress_case.parquet
college_scorecard_2018,college_scorecard,xgboost_cpu,intercept_only_mle,abs_calibration_intercept,delta_abs_calibration_intercept,100,100,0.9615384615384616,68.0,32.0,-0.21717218056308438,0.23028044552336063,-0.4308055929300598,-0.014819289751089955,-0.442600060840718,1.0,1.0,1.0,0.018333333333333333,0.9816666666666667,0.018333333333333333,0.9816666666666667,600.0,600.0,600.0,600.0,True,college_stress,-0.21717218056308438,-0.21717218056308438,1.0,1.0,results/stage2de/h3_college_stress_case.parquet
college_scorecard_2018,college_scorecard,xgboost_cpu,sigmoid,abs_calibration_intercept,delta_abs_calibration_intercept,100,100,0.9615384615384616,68.0,32.0,-0.295036068667759,0.4915270874492189,-0.7011781825300606,0.003996486181409037,-0.8382552381869189,1.0,1.0,1.0,0.06833333333333333,0.9316666666666666,0.06833333333333333,0.9316666666666666,600.0,600.0,600.0,600.0,True,college_stress,-0.295036068667759,-0.295036068667759,1.0,1.0,results/stage2de/h3_college_stress_case.parquet
college_scorecard_2018,college_scorecard,xgboost_cpu,isotonic,abs_calibration_intercept,delta_abs_calibration_intercept,100,100,0.9615384615384616,68.0,32.0,0.042504153452824586,0.25083260794190193,-0.24352071686035315,0.12192290309346829,-0.2522091520195944,1.0,1.0,1.0,0.6666666666666666,0.3333333333333333,0.6666666666666666,0.3333333333333333,600.0,600.0,600.0,600.0,True,college_stress,0.042504153452824586,0.042504153452824586,1.0,1.0,results/stage2de/h3_college_stress_case.parquet
college_scorecard_2018,college_scorecard,xgboost_cpu,jeffreys_smoothed_intercept_matching,abs_calibration_intercept,delta_abs_calibration_intercept,100,100,0.9615384615384616,68.0,32.0,-0.20328656264144274,0.22513621052039726,-0.43287846753254094,-0.021800070760927066,-0.44465523687290615,1.0,1.0,1.0,0.008333333333333333,0.9916666666666667,0.008333333333333333,0.9916666666666667,600.0,600.0,600.0,600.0,True,college_stress,-0.20328656264144274,-0.20328656264144274,1.0,1.0,results/stage2de/h3_college_stress_case.parquet
college_scorecard_2018,college_scorecard,xgboost_cpu,intercept_only_mle,abs_calibration_intercept,delta_abs_calibration_intercept,250,250,1.0,71.0,34.0,,,,,,0.0,,,,,,,600.0,0.0,0.0,0.0,False,college_stress,,,,,results/stage2de/h3_college_stress_case.parquet
college_scorecard_2018,college_scorecard,xgboost_cpu,sigmoid,abs_calibration_intercept,delta_abs_calibration_intercept,250,250,1.0,71.0,34.0,,,,,,0.0,,,,,,,600.0,0.0,0.0,0.0,False,college_stress,,,,,results/stage2de/h3_college_stress_case.parquet
college_scorecard_2018,college_scorecard,xgboost_cpu,isotonic,abs_calibration_intercept,delta_abs_calibration_intercept,250,250,1.0,71.0,34.0,,,,,,0.0,,,,,,,600.0,0.0,0.0,0.0,False,college_stress,,,,,results/stage2de/h3_college_stress_case.parquet
college_scorecard_2018,college_scorecard,xgboost_cpu,jeffreys_smoothed_intercept_matching,abs_calibration_intercept,delta_abs_calibration_intercept,250,250,1.0,71.0,34.0,,,,,,0.0,,,,,,,600.0,0.0,0.0,0.0,False,college_stress,,,,,results/stage2de/h3_college_stress_case.parquet
college_scorecard_2018,college_scorecard,xgboost_cpu,intercept_only_mle,abs_calibration_intercept,delta_abs_calibration_intercept,500,500,1.0,71.0,34.0,,,,,,0.0,,,,,,,600.0,0.0,0.0,0.0,False,college_stress,,,,,results/stage2de/h3_college_stress_case.parquet
college_scorecard_2018,college_scorecard,xgboost_cpu,sigmoid,abs_calibration_intercept,delta_abs_calibration_intercept,500,500,1.0,71.0,34.0,,,,,,0.0,,,,,,,600.0,0.0,0.0,0.0,False,college_stress,,,,,results/stage2de/h3_college_stress_case.parquet
college_scorecard_2018,college_scorecard,xgboost_cpu,isotonic,abs_calibration_intercept,delta_abs_calibration_intercept,500,500,1.0,71.0,34.0,,,,,,0.0,,,,,,,600.0,0.0,0.0,0.0,False,college_stress,,,,,results/stage2de/h3_college_stress_case.parquet
college_scorecard_2018,college_scorecard,xgboost_cpu,jeffreys_smoothed_intercept_matching,abs_calibration_intercept,delta_abs_calibration_intercept,500,500,1.0,71.0,34.0,,,,,,0.0,,,,,,,600.0,0.0,0.0,0.0,False,college_stress,,,,,results/stage2de/h3_college_stress_case.parquet
college_scorecard_2018,college_scorecard,logistic_regression,intercept_only_mle,abs_calibration_slope_error,delta_abs_calibration_slope_error,25,25,0.2403846153846154,17.0,8.0,-1.398225556836774e-05,0.0016376945643492014,-0.0032302115638543627,4.864076900432671e-05,-0.004625267514823395,1.0,1.0,1.0,0.39,0.61,0.39,0.61,300.0,300.0,300.0,300.0,True,college_stress,-1.398225556836774e-05,-1.398225556836774e-05,1.0,1.0,results/stage2de/h3_college_stress_case.parquet
college_scorecard_2018,college_scorecard,logistic_regression,sigmoid,abs_calibration_slope_error,delta_abs_calibration_slope_error,25,25,0.2403846153846154,17.0,8.0,-0.14491194031191446,0.441088011054832,-1.997472140421311,0.5524857445337633,-54.868475365203,1.0,1.0,1.0,0.33666666666666667,0.6633333333333333,0.33666666666666667,0.6633333333333333,300.0,300.0,300.0,300.0,True,college_stress,-0.14491194031191446,-0.14491194031191446,1.0,1.0,results/stage2de/h3_college_stress_case.parquet
college_scorecard_2018,college_scorecard,logistic_regression,isotonic,abs_calibration_slope_error,delta_abs_calibration_slope_error,25,25,0.2403846153846154,17.0,8.0,0.04330610443002764,0.08776713705470848,-0.06094221971788124,0.6451608237379477,-3.433126361252719,1.0,0.9266666666666666,0.9266666666666666,0.8669064748201439,0.13309352517985612,0.8669064748201439,0.13309352517985612,300.0,300.0,278.0,278.0,True,college_stress,0.04330610443002764,0.04330610443002764,1.0,1.0,results/stage2de/h3_college_stress_case.parquet
college_scorecard_2018,college_scorecard,logistic_regression,jeffreys_smoothed_intercept_matching,abs_calibration_slope_error,delta_abs_calibration_slope_error,25,25,0.2403846153846154,17.0,8.0,-1.7704809474383687e-05,0.0016998528289586534,-0.0032334844781525818,3.5782690054186884e-05,-0.004580984665150112,1.0,1.0,1.0,0.3333333333333333,0.6666666666666666,0.3333333333333333,0.6666666666666666,300.0,300.0,300.0,300.0,True,college_stress,-1.7704809474383687e-05,-1.7704809474383687e-05,1.0,1.0,results/stage2de/h3_college_stress_case.parquet
college_scorecard_2018,college_scorecard,logistic_regression,intercept_only_mle,abs_calibration_slope_error,delta_abs_calibration_slope_error,50,50,0.4807692307692308,34.0,16.0,-2.920912570258949e-06,0.0019807132984695774,-0.003000501849390702,5.362365192020382e-05,-0.00368919154637104,1.0,1.0,1.0,0.48333333333333334,0.5166666666666667,0.48333333333333334,0.5166666666666667,300.0,300.0,300.0,300.0,True,college_stress,-2.920912570258949e-06,-2.920912570258949e-06,1.0,1.0,results/stage2de/h3_college_stress_case.parquet
college_scorecard_2018,college_scorecard,logistic_regression,sigmoid,abs_calibration_slope_error,delta_abs_calibration_slope_error,50,50,0.4807692307692308,34.0,16.0,-0.08665711391364778,0.645644736747601,-3.8827640249958963,0.5590381983129954,-52.66092488954782,1.0,1.0,1.0,0.43333333333333335,0.5666666666666667,0.43333333333333335,0.5666666666666667,300.0,300.0,300.0,300.0,True,college_stress,-0.08665711391364778,-0.08665711391364778,1.0,1.0,results/stage2de/h3_college_stress_case.parquet
college_scorecard_2018,college_scorecard,logistic_regression,isotonic,abs_calibration_slope_error,delta_abs_calibration_slope_error,50,50,0.4807692307692308,34.0,16.0,0.029150661666119626,0.13207410155290186,-0.0447391838396295,0.6830649647567395,-0.11976967786007275,1.0,1.0,1.0,0.83,0.17,0.83,0.17,300.0,300.0,300.0,300.0,True,college_stress,0.029150661666119626,0.029150661666119626,1.0,1.0,results/stage2de/h3_college_stress_case.parquet
college_scorecard_2018,college_scorecard,logistic_regression,jeffreys_smoothed_intercept_matching,abs_calibration_slope_error,delta_abs_calibration_slope_error,50,50,0.4807692307692308,34.0,16.0,-9.572638694888003e-06,0.0019944156317829587,-0.003000265264778279,3.4369024030983565e-05,-0.003693619273451021,1.0,1.0,1.0,0.36,0.64,0.36,0.64,300.0,300.0,300.0,300.0,True,college_stress,-9.572638694888003e-06,-9.572638694888003e-06,1.0,1.0,results/stage2de/h3_college_stress_case.parquet
college_scorecard_2018,college_scorecard,logistic_regression,intercept_only_mle,abs_calibration_slope_error,delta_abs_calibration_slope_error,100,100,0.9615384615384616,68.0,32.0,1.0452350853118464e-05,0.0022826172951143364,-0.0023947276875838975,8.534365141881217e-05,-0.0024300828094531157,1.0,1.0,1.0,0.56,0.44,0.56,0.44,300.0,300.0,300.0,300.0,True,college_stress,1.0452350853118464e-05,1.0452350853118464e-05,1.0,1.0,results/stage2de/h3_college_stress_case.parquet
college_scorecard_2018,college_scorecard,logistic_regression,sigmoid,abs_calibration_slope_error,delta_abs_calibration_slope_error,100,100,0.9615384615384616,68.0,32.0,-0.13658196413969825,0.47006035275862945,-1.115941711710993,0.5085614838674873,-50.85548794572101,1.0,1.0,1.0,0.45,0.55,0.45,0.55,300.0,300.0,300.0,300.0,True,college_stress,-0.13658196413969825,-0.13658196413969825,1.0,1.0,results/stage2de/h3_college_stress_case.parquet
college_scorecard_2018,college_scorecard,logistic_regression,isotonic,abs_calibration_slope_error,delta_abs_calibration_slope_error,100,100,0.9615384615384616,68.0,32.0,0.020430381785829232,0.1947320497276468,-0.03560637273517205,0.1662748713769786,-0.04641226196587178,1.0,1.0,1.0,0.68,0.32,0.68,0.32,300.0,300.0,300.0,300.0,True,college_stress,0.020430381785829232,0.020430381785829232,1.0,1.0,results/stage2de/h3_college_stress_case.parquet
college_scorecard_2018,college_scorecard,logistic_regression,jeffreys_smoothed_intercept_matching,abs_calibration_slope_error,delta_abs_calibration_slope_error,100,100,0.9615384615384616,68.0,32.0,4.874378810137969e-06,0.0022853865941354634,-0.002404116928273509,9.425133040200652e-05,-0.002439389547611359,1.0,1.0,1.0,0.5733333333333334,0.4266666666666667,0.5733333333333334,0.4266666666666667,300.0,300.0,300.0,300.0,True,college_stress,4.874378810137969e-06,4.874378810137969e-06,1.0,1.0,results/stage2de/h3_college_stress_case.parquet
college_scorecard_2018,college_scorecard,logistic_regression,intercept_only_mle,abs_calibration_slope_error,delta_abs_calibration_slope_error,250,250,1.0,71.0,34.0,,,,,,0.0,,,,,,,300.0,0.0,0.0,0.0,False,college_stress,,,,,results/stage2de/h3_college_stress_case.parquet
college_scorecard_2018,college_scorecard,logistic_regression,sigmoid,abs_calibration_slope_error,delta_abs_calibration_slope_error,250,250,1.0,71.0,34.0,,,,,,0.0,,,,,,,300.0,0.0,0.0,0.0,False,college_stress,,,,,results/stage2de/h3_college_stress_case.parquet
college_scorecard_2018,college_scorecard,logistic_regression,isotonic,abs_calibration_slope_error,delta_abs_calibration_slope_error,250,250,1.0,71.0,34.0,,,,,,0.0,,,,,,,300.0,0.0,0.0,0.0,False,college_stress,,,,,results/stage2de/h3_college_stress_case.parquet
college_scorecard_2018,college_scorecard,logistic_regression,jeffreys_smoothed_intercept_matching,abs_calibration_slope_error,delta_abs_calibration_slope_error,250,250,1.0,71.0,34.0,,,,,,0.0,,,,,,,300.0,0.0,0.0,0.0,False,college_stress,,,,,results/stage2de/h3_college_stress_case.parquet
college_scorecard_2018,college_scorecard,logistic_regression,intercept_only_mle,abs_calibration_slope_error,delta_abs_calibration_slope_error,500,500,1.0,71.0,34.0,,,,,,0.0,,,,,,,300.0,0.0,0.0,0.0,False,college_stress,,,,,results/stage2de/h3_college_stress_case.parquet
college_scorecard_2018,college_scorecard,logistic_regression,sigmoid,abs_calibration_slope_error,delta_abs_calibration_slope_error,500,500,1.0,71.0,34.0,,,,,,0.0,,,,,,,300.0,0.0,0.0,0.0,False,college_stress,,,,,results/stage2de/h3_college_stress_case.parquet
college_scorecard_2018,college_scorecard,logistic_regression,isotonic,abs_calibration_slope_error,delta_abs_calibration_slope_error,500,500,1.0,71.0,34.0,,,,,,0.0,,,,,,,300.0,0.0,0.0,0.0,False,college_stress,,,,,results/stage2de/h3_college_stress_case.parquet
college_scorecard_2018,college_scorecard,logistic_regression,jeffreys_smoothed_intercept_matching,abs_calibration_slope_error,delta_abs_calibration_slope_error,500,500,1.0,71.0,34.0,,,,,,0.0,,,,,,,300.0,0.0,0.0,0.0,False,college_stress,,,,,results/stage2de/h3_college_stress_case.parquet
college_scorecard_2018,college_scorecard,xgboost_cpu,intercept_only_mle,abs_calibration_slope_error,delta_abs_calibration_slope_error,25,25,0.2403846153846154,17.0,8.0,1.5668988696537767e-06,0.00012536200486762406,-0.0002677563332567134,0.0002788703945204357,-0.0004862327084378393,1.0,1.0,1.0,0.5183333333333333,0.4816666666666667,0.5183333333333333,0.4816666666666667,600.0,600.0,600.0,600.0,True,college_stress,1.5668988696537767e-06,1.5668988696537767e-06,1.0,1.0,results/stage2de/h3_college_stress_case.parquet
college_scorecard_2018,college_scorecard,xgboost_cpu,sigmoid,abs_calibration_slope_error,delta_abs_calibration_slope_error,25,25,0.2403846153846154,17.0,8.0,-0.0614512036917535,0.34077351643094134,-3.091709845119604,0.3591622961896996,-80.8604760091956,1.0,1.0,1.0,0.41,0.59,0.41,0.59,600.0,600.0,600.0,600.0,True,college_stress,-0.0614512036917535,-0.0614512036917535,1.0,1.0,results/stage2de/h3_college_stress_case.parquet
college_scorecard_2018,college_scorecard,xgboost_cpu,isotonic,abs_calibration_slope_error,delta_abs_calibration_slope_error,25,25,0.2403846153846154,17.0,8.0,-0.02575762638892176,0.13243325726466523,-0.17706681130250335,0.27406200091473265,-6.150167022731701,1.0,0.9266666666666666,0.9266666666666666,0.3363309352517986,0.6636690647482014,0.3363309352517986,0.6636690647482014,600.0,600.0,556.0,556.0,True,college_stress,-0.02575762638892176,-0.02575762638892176,1.0,1.0,results/stage2de/h3_college_stress_case.parquet
college_scorecard_2018,college_scorecard,xgboost_cpu,jeffreys_smoothed_intercept_matching,abs_calibration_slope_error,delta_abs_calibration_slope_error,25,25,0.2403846153846154,17.0,8.0,1.0668458197415909e-06,0.00012364262956604533,-0.00025733973122383234,0.00025072738768370785,-0.0004636919722318389,1.0,1.0,1.0,0.51,0.49,0.51,0.49,600.0,600.0,600.0,600.0,True,college_stress,1.0668458197415909e-06,1.0668458197415909e-06,1.0,1.0,results/stage2de/h3_college_stress_case.parquet
college_scorecard_2018,college_scorecard,xgboost_cpu,intercept_only_mle,abs_calibration_slope_error,delta_abs_calibration_slope_error,50,50,0.4807692307692308,34.0,16.0,-3.4738358151154003e-06,0.00010538534704662705,-0.000262713634839884,0.0002276938785225113,-0.0005465751051454415,1.0,1.0,1.0,0.47333333333333333,0.5266666666666666,0.47333333333333333,0.5266666666666666,600.0,600.0,600.0,600.0,True,college_stress,-3.4738358151154003e-06,-3.4738358151154003e-06,1.0,1.0,results/stage2de/h3_college_stress_case.parquet
college_scorecard_2018,college_scorecard,xgboost_cpu,sigmoid,abs_calibration_slope_error,delta_abs_calibration_slope_error,50,50,0.4807692307692308,34.0,16.0,0.05076826235412879,0.26572740062053324,-0.38042178435114377,0.3899744291075615,-9.990145419085998,1.0,1.0,1.0,0.605,0.395,0.605,0.395,600.0,600.0,600.0,600.0,True,college_stress,0.05076826235412879,0.05076826235412879,1.0,1.0,results/stage2de/h3_college_stress_case.parquet
college_scorecard_2018,college_scorecard,xgboost_cpu,isotonic,abs_calibration_slope_error,delta_abs_calibration_slope_error,50,50,0.4807692307692308,34.0,16.0,-0.02457634170697165,0.11121942818887451,-0.1675796013213407,0.05403390687130465,-0.24323488202636978,1.0,1.0,1.0,0.33666666666666667,0.6633333333333333,0.33666666666666667,0.6633333333333333,600.0,600.0,600.0,600.0,True,college_stress,-0.02457634170697165,-0.02457634170697165,1.0,1.0,results/stage2de/h3_college_stress_case.parquet
college_scorecard_2018,college_scorecard,xgboost_cpu,jeffreys_smoothed_intercept_matching,abs_calibration_slope_error,delta_abs_calibration_slope_error,50,50,0.4807692307692308,34.0,16.0,-3.175559379842152e-06,0.00011501998853938322,-0.0002623073096165107,0.0002242722019966835,-0.0004510349938614544,1.0,1.0,1.0,0.47833333333333333,0.5216666666666666,0.47833333333333333,0.5216666666666666,600.0,600.0,600.0,600.0,True,college_stress,-3.175559379842152e-06,-3.175559379842152e-06,1.0,1.0,results/stage2de/h3_college_stress_case.parquet
college_scorecard_2018,college_scorecard,xgboost_cpu,intercept_only_mle,abs_calibration_slope_error,delta_abs_calibration_slope_error,100,100,0.9615384615384616,68.0,32.0,-5.861127060252658e-05,0.00012909069114974692,-0.0002322892528399012,0.00020864153553300504,-0.00052235826187641,1.0,1.0,1.0,0.29333333333333333,0.7066666666666667,0.29333333333333333,0.7066666666666667,600.0,600.0,600.0,600.0,True,college_stress,-5.861127060252658e-05,-5.861127060252658e-05,1.0,1.0,results/stage2de/h3_college_stress_case.parquet
college_scorecard_2018,college_scorecard,xgboost_cpu,sigmoid,abs_calibration_slope_error,delta_abs_calibration_slope_error,100,100,0.9615384615384616,68.0,32.0,0.1707029743439772,0.2158195644445021,-0.028993775829754587,0.2677007563175459,-0.08722849577861636,1.0,1.0,1.0,0.8466666666666667,0.15333333333333332,0.8466666666666667,0.15333333333333332,600.0,600.0,600.0,600.0,True,college_stress,0.1707029743439772,0.1707029743439772,1.0,1.0,results/stage2de/h3_college_stress_case.parquet
college_scorecard_2018,college_scorecard,xgboost_cpu,isotonic,abs_calibration_slope_error,delta_abs_calibration_slope_error,100,100,0.9615384615384616,68.0,32.0,-0.02519365013530428,0.10754576278865391,-0.13541459418760993,0.02772961760181385,-0.1402346848537407,1.0,1.0,1.0,0.3383333333333333,0.6616666666666666,0.3383333333333333,0.6616666666666666,600.0,600.0,600.0,600.0,True,college_stress,-0.02519365013530428,-0.02519365013530428,1.0,1.0,results/stage2de/h3_college_stress_case.parquet
college_scorecard_2018,college_scorecard,xgboost_cpu,jeffreys_smoothed_intercept_matching,abs_calibration_slope_error,delta_abs_calibration_slope_error,100,100,0.9615384615384616,68.0,32.0,-7.479665948023628e-05,0.00014066333464771152,-0.0002323585523782534,0.00020845189072820624,-0.0005678195196029412,1.0,1.0,1.0,0.2966666666666667,0.7033333333333334,0.2966666666666667,0.7033333333333334,600.0,600.0,600.0,600.0,True,college_stress,-7.479665948023628e-05,-7.479665948023628e-05,1.0,1.0,results/stage2de/h3_college_stress_case.parquet
college_scorecard_2018,college_scorecard,xgboost_cpu,intercept_only_mle,abs_calibration_slope_error,delta_abs_calibration_slope_error,250,250,1.0,71.0,34.0,,,,,,0.0,,,,,,,600.0,0.0,0.0,0.0,False,college_stress,,,,,results/stage2de/h3_college_stress_case.parquet
college_scorecard_2018,college_scorecard,xgboost_cpu,sigmoid,abs_calibration_slope_error,delta_abs_calibration_slope_error,250,250,1.0,71.0,34.0,,,,,,0.0,,,,,,,600.0,0.0,0.0,0.0,False,college_stress,,,,,results/stage2de/h3_college_stress_case.parquet
college_scorecard_2018,college_scorecard,xgboost_cpu,isotonic,abs_calibration_slope_error,delta_abs_calibration_slope_error,250,250,1.0,71.0,34.0,,,,,,0.0,,,,,,,600.0,0.0,0.0,0.0,False,college_stress,,,,,results/stage2de/h3_college_stress_case.parquet
college_scorecard_2018,college_scorecard,xgboost_cpu,jeffreys_smoothed_intercept_matching,abs_calibration_slope_error,delta_abs_calibration_slope_error,250,250,1.0,71.0,34.0,,,,,,0.0,,,,,,,600.0,0.0,0.0,0.0,False,college_stress,,,,,results/stage2de/h3_college_stress_case.parquet
college_scorecard_2018,college_scorecard,xgboost_cpu,intercept_only_mle,abs_calibration_slope_error,delta_abs_calibration_slope_error,500,500,1.0,71.0,34.0,,,,,,0.0,,,,,,,600.0,0.0,0.0,0.0,False,college_stress,,,,,results/stage2de/h3_college_stress_case.parquet
college_scorecard_2018,college_scorecard,xgboost_cpu,sigmoid,abs_calibration_slope_error,delta_abs_calibration_slope_error,500,500,1.0,71.0,34.0,,,,,,0.0,,,,,,,600.0,0.0,0.0,0.0,False,college_stress,,,,,results/stage2de/h3_college_stress_case.parquet
college_scorecard_2018,college_scorecard,xgboost_cpu,isotonic,abs_calibration_slope_error,delta_abs_calibration_slope_error,500,500,1.0,71.0,34.0,,,,,,0.0,,,,,,,600.0,0.0,0.0,0.0,False,college_stress,,,,,results/stage2de/h3_college_stress_case.parquet
college_scorecard_2018,college_scorecard,xgboost_cpu,jeffreys_smoothed_intercept_matching,abs_calibration_slope_error,delta_abs_calibration_slope_error,500,500,1.0,71.0,34.0,,,,,,0.0,,,,,,,600.0,0.0,0.0,0.0,False,college_stress,,,,,results/stage2de/h3_college_stress_case.parquet
